state_u,district_u,log_ncrb_rape,log_ncrb_kidnap,log_ncrb_dowry,log_ncrb_assault,log_ncrb_insult,log_ncrb_cruelty,log_ncrb_total,frac_rape,frac_kidnap,frac_dowry,frac_assault,frac_cruelty
ANDHRA PRADESH,ANANTAPUR,3.58351893845611,4.672828834461906,3.258096538021482,6.07993319509559,3.295836866004329,5.111987788356544,7.001245622069476,0.03190519598906107,0.09662716499544212,0.022789425706472195,0.3974475843208751,0.1504102096627165
ANDHRA PRADESH,CHITTOOR,3.4965075614664802,3.5553480614894135,2.8903717578961645,4.912654885736052,4.553876891600541,5.631211781821365,6.410174881966167,0.05271828665568369,0.05601317957166392,0.02800658978583196,0.22240527182866557,0.45799011532125206
ANDHRA PRADESH,CUDDAPAH,3.367295829986474,2.833213344056216,2.833213344056216,5.375278407684165,2.5649493574615367,4.5217885770490405,6.413458957167357,0.04597701149425287,0.026272577996715927,0.026272577996715927,0.3530377668308703,0.14942528735632185
ANDHRA PRADESH,EAST GODAVARI,4.454347296253507,3.258096538021482,2.0794415416798357,6.253828811575473,4.143134726391533,6.142037405587356,7.15305163493748,0.06656225528582616,0.01957713390759593,0.00548159749412686,0.40642129992169146,0.3633516053249804
ANDHRA PRADESH,GUNTAKAL RAILWAY,0.0,0.0,0.0,0.0,0.0,0.0,1.6094379124341003,0.0,0.0,0.0,0.0,0.0
ANDHRA PRADESH,GUNTUR,3.912023005428146,3.8501476017100584,2.833213344056216,5.5053315359323625,5.8522024797744745,6.12029741895095,7.170888478512505,0.03769230769230769,0.03538461538461538,0.012307692307692308,0.18846153846153846,0.34923076923076923
ANDHRA PRADESH,GUNTUR URBAN,3.713572066704308,4.04305126783455,2.5649493574615367,5.081404364984463,6.115892125483034,5.846438775057725,7.026426808699636,0.035555555555555556,0.049777777777777775,0.010666666666666666,0.14222222222222222,0.30666666666666664
ANDHRA PRADESH,KRISHNA,4.394449154672439,3.5553480614894135,2.1972245773362196,5.872117789475416,5.4510384535657,6.419994928147142,7.252762418053187,0.05669737774627923,0.024096385542168676,0.005669737774627924,0.2508858965272856,0.4344436569808646
ANDHRA PRADESH,KURNOOL,3.4965075614664802,3.6375861597263857,2.5649493574615367,6.0014148779611505,5.529429087511423,5.8944028342648505,7.101675971619444,0.026380873866446827,0.030502885408079144,0.00989282769991756,0.3322341302555647,0.29843363561417974
ANDHRA PRADESH,NELLORE,4.07753744390572,4.8283137373023015,2.70805020110221,5.69035945432406,5.327876168789581,5.8944028342648505,7.078341579557671,0.048945147679324896,0.10464135021097046,0.01181434599156118,0.2489451476793249,0.30548523206751055
ANDHRA PRADESH,PRAKASHAM,3.9318256327243257,3.9318256327243257,2.1972245773362196,5.288267030694535,2.833213344056216,5.998936561946683,6.683360945766275,0.06265664160401002,0.06265664160401002,0.010025062656641603,0.24686716791979949,0.5037593984962406
ANDHRA PRADESH,RAJAHMUNDRY,3.58351893845611,2.1972245773362196,1.3862943611198906,4.804021044733257,3.332204510175204,5.25227342804663,6.2324480165505225,0.0688976377952756,0.015748031496062992,0.005905511811023622,0.23818897637795275,0.37401574803149606
ANDHRA PRADESH,SRIKAKULAM,3.713572066704308,2.3978952727983707,1.3862943611198906,5.3706380281276624,4.5217885770490405,5.700443573390687,6.608000625296087,0.05405405405405406,0.013513513513513514,0.004054054054054054,0.2891891891891892,0.4027027027027027
ANDHRA PRADESH,TIRUPATHI URBAN,2.9444389791664403,2.8903717578961645,2.6390573296152584,4.110873864173311,3.091042453358316,5.123963979403259,5.777652323222656,0.055900621118012424,0.052795031055900624,0.040372670807453416,0.18633540372670807,0.5186335403726708
ANDHRA PRADESH,VIJAYAWADA CITY,4.174387269895637,3.332204510175204,2.3978952727983707,5.634789603169249,5.3612921657094255,6.466144724237619,7.217443431696533,0.04698972099853157,0.019823788546255508,0.007342143906020558,0.20484581497797358,0.4713656387665198
ANDHRA PRADESH,VIJAYAWADA RAILWAY,0.0,1.0986122886681098,1.0986122886681098,2.1972245773362196,1.9459101490553132,0.6931471805599453,3.258096538021482,0.0,0.08,0.08,0.32,0.04
ANDHRA PRADESH,VISAKHA RURAL,3.6635616461296463,2.772588722239781,1.6094379124341003,4.867534450455582,4.060443010546419,5.117993812416755,6.073044534100405,0.08775981524249422,0.03464203233256351,0.009237875288683603,0.2979214780600462,0.3833718244803695
ANDHRA PRADESH,VISAKHAPATNAM,4.442651256490317,3.9318256327243257,2.6390573296152584,4.997212273764115,4.727387818712341,5.918893854273146,6.844815479208263,0.08955223880597014,0.053304904051172705,0.013859275053304905,0.15671641791044777,0.39552238805970147
ANDHRA PRADESH,VIZIANAGARAM,3.871201010907891,2.995732273553991,2.1972245773362196,5.420534999272286,5.793013608384144,5.802118375377063,6.880384082186005,0.04835390946502058,0.01954732510288066,0.00823045267489712,0.23148148148148148,0.3395061728395062
ANDHRA PRADESH,WEST GODAVARI,4.990432586778736,3.828641396489095,3.2188758248682006,6.0063531596017325,4.605170185988092,6.495265555937008,7.385230923066573,0.09062693978895096,0.027932960893854747,0.0148975791433892,0.25139664804469275,0.4103041589075109
ARUNACHAL PRADESH,ANJAW,0.0,0.6931471805599453,0.0,0.6931471805599453,0.0,0.0,1.0986122886681098,0.0,0.5,0.0,0.5,0.0
ARUNACHAL PRADESH,CHANGLANG,1.9459101490553132,1.9459101490553132,0.0,0.0,0.0,0.0,2.6390573296152584,0.46153846153846156,0.46153846153846156,0.0,0.0,0.0
ARUNACHAL PRADESH,CRIME BRANCH,0.0,0.0,0.0,0.0,0.0,0.0,0.0,0.0,0.0,0.0,0.0,0.0
ARUNACHAL PRADESH,DIBANG VALLEY,0.6931471805599453,0.0,0.0,0.0,0.0,0.0,0.6931471805599453,1.0,0.0,0.0,0.0,0.0
ARUNACHAL PRADESH,KAMENG EAST,0.6931471805599453,0.6931471805599453,0.0,1.9459101490553132,0.0,0.0,2.833213344056216,0.0625,0.0625,0.0,0.375,0.0
ARUNACHAL PRADESH,KAMENG WEST,0.0,1.0986122886681098,0.0,2.302585092994046,0.0,1.0986122886681098,2.70805020110221,0.0,0.14285714285714285,0.0,0.6428571428571429,0.14285714285714285
ARUNACHAL PRADESH,KUKUNG KUMEY,1.3862943611198906,0.0,0.0,0.6931471805599453,0.0,0.0,1.791759469228055,0.6,0.0,0.0,0.2,0.0
ARUNACHAL PRADESH,LOHIT,2.0794415416798357,3.258096538021482,0.0,2.6390573296152584,0.0,0.6931471805599453,3.9889840465642745,0.1320754716981132,0.4716981132075472,0.0,0.24528301886792453,0.018867924528301886
ARUNACHAL PRADESH,LONGDING,1.3862943611198906,1.6094379124341003,0.0,1.3862943611198906,0.0,0.0,2.3978952727983707,0.3,0.4,0.0,0.3,0.0
ARUNACHAL PRADESH,LOWER DIBANG VALLEY,1.3862943611198906,1.0986122886681098,0.0,0.0,0.0,0.0,1.791759469228055,0.6,0.4,0.0,0.0,0.0
ARUNACHAL PRADESH,PAPUM PARE CITY,3.4965075614664802,3.6109179126442243,0.6931471805599453,3.295836866004329,0.0,3.091042453358316,4.8283137373023015,0.25806451612903225,0.2903225806451613,0.008064516129032258,0.20967741935483872,0.1693548387096774
ARUNACHAL PRADESH,PAPUM PARE RURAL,0.0,1.6094379124341003,0.0,1.6094379124341003,0.0,0.0,2.302585092994046,0.0,0.4444444444444444,0.0,0.4444444444444444,0.0
ARUNACHAL PRADESH,SIANG EAST,2.4849066497880004,1.0986122886681098,0.0,3.091042453358316,0.0,1.6094379124341003,3.8501476017100584,0.2391304347826087,0.043478260869565216,0.0,0.45652173913043476,0.08695652173913043
ARUNACHAL PRADESH,SIANG UPPER,0.6931471805599453,0.0,0.0,0.6931471805599453,0.0,0.0,1.3862943611198906,0.3333333333333333,0.0,0.0,0.3333333333333333,0.0
ARUNACHAL PRADESH,SIANG WEST,1.9459101490553132,0.6931471805599453,0.0,2.4849066497880004,1.3862943611198906,2.1972245773362196,3.7376696182833684,0.14634146341463414,0.024390243902439025,0.0,0.2682926829268293,0.1951219512195122
ARUNACHAL PRADESH,SUBANSIRI LOWER,0.6931471805599453,1.0986122886681098,0.0,1.9459101490553132,0.0,1.3862943611198906,2.6390573296152584,0.07692307692307693,0.15384615384615385,0.0,0.46153846153846156,0.23076923076923078
ARUNACHAL PRADESH,SUBANSIRI UPPER,1.791759469228055,1.0986122886681098,0.0,2.833213344056216,0.0,1.3862943611198906,3.4965075614664802,0.15625,0.0625,0.0,0.5,0.09375
ARUNACHAL PRADESH,TAWANG,0.0,0.0,0.0,0.6931471805599453,0.0,0.0,0.6931471805599453,0.0,0.0,0.0,1.0,0.0
ARUNACHAL PRADESH,TIRAP,1.3862943611198906,1.3862943611198906,0.0,1.0986122886681098,0.0,0.0,2.1972245773362196,0.375,0.375,0.0,0.25,0.0
ASSAM,BARPETA,4.969813299576001,5.886104031450156,3.091042453358316,6.322565239927284,0.0,7.018401799069201,7.699389406256737,0.06482320942883046,0.1627379873073436,0.009519492293744334,0.25203989120580234,0.5058930190389845
ASSAM,BASKA,3.295836866004329,3.6109179126442243,1.6094379124341003,3.332204510175204,0.0,4.356708826689592,5.1647859739235145,0.14942528735632185,0.20689655172413793,0.022988505747126436,0.15517241379310345,0.4425287356321839
ASSAM,BONGAIGAON,3.4657359027997265,3.4011973816621555,1.6094379124341003,2.1972245773362196,0.0,5.187385805840755,5.60947179518496,0.11397058823529412,0.10661764705882353,0.014705882352941176,0.029411764705882353,0.6544117647058824
ASSAM,CACHAR,4.406719247264253,5.3706380281276624,2.70805020110221,3.9318256327243257,0.0,6.39024066706535,6.894670039433482,0.0821501014198783,0.21703853955375255,0.014198782961460446,0.05070993914807302,0.603448275862069
ASSAM,CHIRANG,3.4011973816621555,3.7612001156935624,2.0794415416798357,3.5263605246161616,0.0,4.110873864173311,5.298317366548036,0.1457286432160804,0.21105527638190955,0.035175879396984924,0.1658291457286432,0.3015075376884422
ASSAM,DARRANG,4.718498871295094,5.231108616854587,2.4849066497880004,6.118097198041348,0.0,6.194405391104672,7.1929342212158,0.0835214446952596,0.1399548532731377,0.008276899924755455,0.34085778781038373,0.36794582392776526
ASSAM,DHEMAJI,3.828641396489095,4.23410650459726,1.3862943611198906,3.9512437185814275,0.6931471805599453,4.718498871295094,5.799092654460526,0.13677811550151975,0.2066869300911854,0.00911854103343465,0.15501519756838905,0.3373860182370821
ASSAM,DHUBRI,5.267858159063328,6.0063531596017325,2.3978952727983707,5.267858159063328,0.0,7.079184394609668,7.59488438721652,0.09713135379969803,0.2038248616004026,0.0050327126321087065,0.09713135379969803,0.5968797181680926
ASSAM,DIBRUGARH,4.219507705176107,4.820281565605037,1.791759469228055,4.663439094112067,0.0,5.537334267018537,6.318968113746434,0.12093862815884476,0.22202166064981949,0.009025270758122744,0.18953068592057762,0.4566787003610108
ASSAM,GOALPARA,4.6913478822291435,4.787491742782046,2.1972245773362196,4.804021044733257,0.0,5.908082938168931,6.587550014824796,0.1489655172413793,0.16413793103448276,0.011034482758620689,0.16689655172413792,0.5062068965517241
ASSAM,GOLAGHAT,4.31748811353631,5.25227342804663,2.0794415416798357,4.31748811353631,0.0,5.117993812416755,6.315358001522335,0.13405797101449277,0.3442028985507246,0.012681159420289856,0.13405797101449277,0.3007246376811594
ASSAM,GUWAHATI CITY,4.61512051684126,6.052089168924417,2.4849066497880004,4.969813299576001,0.0,6.18826412308259,7.181591944611865,0.076103500761035,0.3226788432267884,0.00837138508371385,0.10882800608828005,0.3698630136986301
ASSAM,HAILAKANDI,4.356708826689592,4.499809670330265,1.6094379124341003,3.1780538303479458,0.0,5.3471075307174685,5.998936561946683,0.19154228855721392,0.22139303482587064,0.009950248756218905,0.05721393034825871,0.5199004975124378
ASSAM,JORHAT,3.6109179126442243,4.290459441148391,1.9459101490553132,5.062595033026967,0.0,5.996452088619021,6.511745329644728,0.05357142857142857,0.10714285714285714,0.008928571428571428,0.23363095238095238,0.5967261904761905
ASSAM,KAMRUP,4.356708826689592,3.871201010907891,0.6931471805599453,2.772588722239781,0.0,6.39024066706535,6.670766320845874,0.09771573604060914,0.05964467005076142,0.0012690355329949238,0.01903553299492386,0.7550761421319797
ASSAM,KARBI ANGLONG,3.1780538303479458,4.02535169073515,0.0,3.295836866004329,0.0,3.7612001156935624,5.332718793265369,0.11165048543689321,0.2669902912621359,0.0,0.1262135922330097,0.20388349514563106
ASSAM,KARIMGANJ,4.343805421853684,4.700480365792417,2.6390573296152584,2.3978952727983707,0.0,5.823045895483019,6.304448802421981,0.1391941391941392,0.19963369963369965,0.023809523809523808,0.018315018315018316,0.6172161172161172
ASSAM,KOKRAJHAR,3.828641396489095,4.382026634673881,1.3862943611198906,3.871201010907891,0.0,4.276666119016055,5.517452896464707,0.1814516129032258,0.3185483870967742,0.012096774193548387,0.18951612903225806,0.2862903225806452
ASSAM,LAKHIMPUR,4.219507705176107,5.017279836814924,1.6094379124341003,4.02535169073515,0.0,5.91350300563827,6.470799503782602,0.10387596899224806,0.23255813953488372,0.006201550387596899,0.08527131782945736,0.5720930232558139
ASSAM,MORIGAON,4.406719247264253,5.1647859739235145,2.0794415416798357,5.796057750765372,0.0,5.857933154483459,6.873163834212518,0.08393782383419689,0.18031088082901556,0.007253886010362694,0.3398963730569948,0.3616580310880829
ASSAM,N. C. HILLS,1.9459101490553132,3.258096538021482,0.0,0.0,0.0,1.9459101490553132,3.784189633918261,0.13953488372093023,0.5813953488372093,0.0,0.0,0.13953488372093023
ASSAM,NAGAON,5.236441962829949,5.69035945432406,3.1354942159291497,5.860786223465865,0.0,7.0587581525186645,7.675546002537848,0.08681522748375116,0.13695450324976788,0.01021355617455896,0.16248839368616527,0.5394614670380687
ASSAM,NALBARI,3.7376696182833684,4.61512051684126,0.0,0.0,0.0,3.7612001156935624,5.214935757608986,0.22404371584699453,0.546448087431694,0.0,0.0,0.22950819672131148
ASSAM,SIBSAGAR,3.8066624897703196,5.181783550292085,1.9459101490553132,5.0369526024136295,0.0,5.811140992976701,6.570882962339584,0.061711079943899017,0.2482468443197756,0.008415147265077139,0.21458625525946703,0.4670406732117812
ASSAM,SONITPUR,4.727387818712341,5.313205979041787,1.791759469228055,3.044522437723423,0.0,5.945420608606575,6.586171654854675,0.15469613259668508,0.27900552486187846,0.006906077348066298,0.027624309392265192,0.5262430939226519
ASSAM,TINSUKIA,4.204692619390966,4.174387269895637,1.3862943611198906,4.204692619390966,0.0,5.10594547390058,6.129050210060545,0.14410480349344978,0.13973799126637554,0.006550218340611353,0.14410480349344978,0.35807860262008734
ASSAM,UDALGURI,3.5553480614894135,4.143134726391533,2.302585092994046,3.58351893845611,0.0,4.406719247264253,5.4638318050256105,0.14468085106382977,0.26382978723404255,0.03829787234042553,0.14893617021276595,0.3446808510638298
BIHAR,ARARIA,3.58351893845611,4.23410650459726,2.8903717578961645,0.6931471805599453,0.0,1.9459101490553132,5.087596335232384,0.21739130434782608,0.422360248447205,0.10559006211180125,0.006211180124223602,0.037267080745341616
BIHAR,ARWAL,1.9459101490553132,2.9444389791664403,2.4849066497880004,1.6094379124341003,0.0,0.0,4.382026634673881,0.0759493670886076,0.22784810126582278,0.13924050632911392,0.05063291139240506,0.0
BIHAR,AURANGABAD,2.5649493574615367,4.2626798770413155,3.367295829986474,3.4011973816621555,0.0,4.709530201312334,5.8916442118257715,0.0332409972299169,0.19390581717451524,0.07756232686980609,0.08033240997229917,0.3047091412742382
BIHAR,BAGAHA,2.70805020110221,4.04305126783455,2.0794415416798357,3.6635616461296463,0.0,4.04305126783455,5.4116460518550396,0.06278026905829596,0.25112107623318386,0.03139013452914798,0.17040358744394618,0.25112107623318386
BIHAR,BANKA,3.1354942159291497,4.143134726391533,3.1780538303479458,1.3862943611198906,0.0,4.174387269895637,5.796057750765372,0.06707317073170732,0.18902439024390244,0.0701219512195122,0.009146341463414634,0.1951219512195122
BIHAR,BEGUSARAI,3.4339872044851463,4.890349128221754,3.367295829986474,3.6375861597263857,0.6931471805599453,4.02535169073515,5.918893854273146,0.08086253369272237,0.3557951482479784,0.07547169811320754,0.09973045822102426,0.14824797843665768
BIHAR,BETTIAH,3.5263605246161616,4.634728988229636,3.6888794541139363,0.0,0.0,4.672828834461906,5.666426688112432,0.11458333333333333,0.3541666666666667,0.13541666666666666,0.0,0.3680555555555556
BIHAR,BHABHUA,2.5649493574615367,4.127134385045092,2.5649493574615367,0.0,0.0,3.8066624897703196,5.209486152841421,0.06593406593406594,0.33516483516483514,0.06593406593406594,0.0,0.24175824175824176
BIHAR,BHAGALPUR,3.970291913552122,5.111987788356544,3.044522437723423,3.4657359027997265,0.0,5.087596335232384,6.338594078203183,0.0920353982300885,0.2920353982300885,0.035398230088495575,0.05486725663716814,0.2849557522123894
BIHAR,BHOJPUR,3.4965075614664802,4.7535901911063645,3.8501476017100584,2.0794415416798357,0.0,4.867534450455582,6.324358962381311,0.05745062836624776,0.20646319569120286,0.08258527827648116,0.012567324955116697,0.23159784560143626
BIHAR,BUXAR,2.833213344056216,4.290459441148391,3.2188758248682006,2.6390573296152584,0.0,4.564348191467836,5.768320995793772,0.050156739811912224,0.22570532915360503,0.07523510971786834,0.04075235109717868,0.29780564263322884
BIHAR,DARBHANGA,3.9318256327243257,5.37989735354046,3.4339872044851463,2.1972245773362196,0.0,5.700443573390687,6.799055862058796,0.05580357142857143,0.24107142857142858,0.033482142857142856,0.008928571428571428,0.3325892857142857
BIHAR,GAYA,3.8918202981106265,5.1647859739235145,4.1588830833596715,0.0,0.0,5.293304824724492,6.595780513961311,0.06566347469220246,0.23803009575923392,0.08618331053351573,0.0,0.2708618331053352
BIHAR,GOPALGANJ,2.70805020110221,4.709530201312334,3.5263605246161616,0.0,1.9459101490553132,5.056245805348308,6.126869184114185,0.030634573304157548,0.24070021881838075,0.07221006564551423,0.0,0.3413566739606127
BIHAR,JAMALPUR RAILWAY,0.0,1.0986122886681098,0.0,1.3862943611198906,0.0,0.0,1.791759469228055,0.0,0.4,0.0,0.6,0.0
BIHAR,JAMUI,3.1780538303479458,3.8501476017100584,3.091042453358316,2.3978952727983707,0.6931471805599453,3.8501476017100584,5.497168225293202,0.09465020576131687,0.18930041152263374,0.08641975308641975,0.0411522633744856,0.18930041152263374
BIHAR,JEHANABAD,2.3978952727983707,4.204692619390966,3.1354942159291497,0.0,0.0,4.04305126783455,5.3981627015177525,0.045454545454545456,0.3,0.1,0.0,0.2545454545454545
BIHAR,KATIHAR,4.189654742026425,4.762173934797756,2.70805020110221,0.0,0.0,4.0943445622221,5.942799375126701,0.17105263157894737,0.30526315789473685,0.03684210526315789,0.0,0.15526315789473685
BIHAR,KATIHAR RAILWAY,0.0,0.6931471805599453,0.0,2.4849066497880004,0.0,0.0,2.772588722239781,0.0,0.06666666666666667,0.0,0.7333333333333333,0.0
BIHAR,KHAGARIA,2.70805020110221,4.532599493153256,2.8903717578961645,1.0986122886681098,0.0,2.995732273553991,5.313205979041787,0.06930693069306931,0.45544554455445546,0.08415841584158416,0.009900990099009901,0.09405940594059406
BIHAR,KISHANGANJ,4.174387269895637,4.624972813284271,2.5649493574615367,3.1354942159291497,0.0,4.454347296253507,5.765191102784844,0.20125786163522014,0.31761006289308175,0.03773584905660377,0.06918238993710692,0.2672955974842767
BIHAR,LAKHISARAI,2.3978952727983707,3.58351893845611,2.1972245773362196,4.1588830833596715,0.6931471805599453,3.4011973816621555,5.375278407684165,0.046511627906976744,0.16279069767441862,0.037209302325581395,0.2930232558139535,0.13488372093023257
BIHAR,MADHEPURA,2.3978952727983707,4.174387269895637,2.1972245773362196,2.1972245773362196,0.0,3.9318256327243257,5.313205979041787,0.04950495049504951,0.31683168316831684,0.039603960396039604,0.039603960396039604,0.24752475247524752
BIHAR,MADHUBANI,3.7376696182833684,5.135798437050262,3.5553480614894135,2.302585092994046,0.0,5.429345628954441,6.20050917404269,0.08333333333333333,0.3434959349593496,0.06910569105691057,0.018292682926829267,0.4613821138211382
BIHAR,MOTIHARI,3.4657359027997265,5.4116460518550396,4.330733340286331,0.0,0.0,5.575949103146316,6.633318433280377,0.04084321475625823,0.2938076416337286,0.09881422924901186,0.0,0.3465085638998682
BIHAR,MUNGER,2.4849066497880004,3.912023005428146,2.1972245773362196,1.791759469228055,0.0,3.8918202981106265,4.90527477843843,0.08208955223880597,0.3656716417910448,0.05970149253731343,0.03731343283582089,0.3582089552238806
BIHAR,MUZAFFARPUR,3.8066624897703196,5.375278407684165,5.187385805840755,5.117993812416755,0.0,4.700480365792417,7.634820677745543,0.02127659574468085,0.1039651837524178,0.086073500967118,0.08027079303675048,0.05270793036750483
BIHAR,MUZAFFARPUR RAILWAY,1.0986122886681098,1.0986122886681098,1.0986122886681098,0.6931471805599453,0.0,0.0,2.1972245773362196,0.25,0.25,0.25,0.125,0.0
BIHAR,NALANDA,3.4011973816621555,4.8283137373023015,4.0943445622221,1.6094379124341003,0.0,5.605802066295998,6.56244409369372,0.04101838755304102,0.1753889674681754,0.08345120226308345,0.005657708628005658,0.38330975954738333
BIHAR,NAUGACHIA,2.3978952727983707,3.6109179126442243,2.3978952727983707,1.3862943611198906,0.0,4.48863636973214,5.0238805208462765,0.06622516556291391,0.23841059602649006,0.06622516556291391,0.019867549668874173,0.5827814569536424
BIHAR,NAWADAH,3.1354942159291497,4.060443010546419,3.1354942159291497,2.3978952727983707,0.0,4.356708826689592,5.327876168789581,0.1073170731707317,0.2780487804878049,0.1073170731707317,0.04878048780487805,0.375609756097561
BIHAR,PATNA,4.465908118654584,6.253828811575473,4.430816798843313,0.0,4.110873864173311,6.284134161070802,7.43307534889858,0.05088757396449704,0.3071005917159763,0.049112426035502955,0.0,0.3165680473372781
BIHAR,PATNA RAILWAY,0.6931471805599453,0.6931471805599453,1.791759469228055,2.6390573296152584,0.0,0.0,3.1780538303479458,0.043478260869565216,0.043478260869565216,0.21739130434782608,0.5652173913043478,0.0
BIHAR,PURNEA,4.204692619390966,4.948759890378168,3.295836866004329,3.4339872044851463,0.0,4.7535901911063645,5.976350909297934,0.16793893129770993,0.356234096692112,0.06615776081424936,0.07633587786259542,0.2926208651399491
BIHAR,ROHTAS,3.1354942159291497,4.7535901911063645,4.007333185232471,0.0,0.0,4.672828834461906,6.018593214496234,0.05365853658536585,0.2804878048780488,0.13170731707317074,0.0,0.25853658536585367
BIHAR,SAHARSA,2.70805020110221,4.553876891600541,2.995732273553991,0.0,0.0,4.2626798770413155,5.351858133476067,0.06666666666666667,0.44761904761904764,0.09047619047619047,0.0,0.3333333333333333
BIHAR,SAMASTIPUR,3.6635616461296463,5.159055299214529,3.6888794541139363,0.0,0.0,5.220355825078324,6.553933404025811,0.05420827389443652,0.24679029957203993,0.05563480741797432,0.0,0.2624821683309558
BIHAR,SARAN,3.6375861597263857,5.081404364984463,4.430816798843313,0.0,0.0,5.062595033026967,6.267200548541362,0.07034220532319392,0.3041825095057034,0.15779467680608364,0.0,0.2984790874524715
BIHAR,SHEIKHPURA,1.791759469228055,3.5553480614894135,1.9459101490553132,2.9444389791664403,0.0,4.290459441148391,5.198497031265826,0.027777777777777776,0.18888888888888888,0.03333333333333333,0.1,0.4
BIHAR,SHEOHAR,2.1972245773362196,3.2188758248682006,1.9459101490553132,2.833213344056216,0.0,2.70805020110221,4.394449154672439,0.1,0.3,0.075,0.2,0.175
BIHAR,SITAMARHI,2.4849066497880004,5.241747015059643,3.4011973816621555,0.0,0.0,5.493061443340548,6.782192056006791,0.012485811577752554,0.2133938706015891,0.032917139614074914,0.0,0.2746878547105562
BIHAR,SIWAN,2.8903717578961645,5.030437921392435,4.174387269895637,2.0794415416798357,0.0,3.9318256327243257,6.246106765481563,0.03300970873786408,0.29514563106796116,0.12427184466019417,0.013592233009708738,0.0970873786407767
BIHAR,SUPAUL,3.4965075614664802,4.51085950651685,3.1354942159291497,0.0,0.0,4.430816798843313,5.62040086571715,0.11636363636363636,0.32727272727272727,0.08,0.0,0.3018181818181818
BIHAR,VAISHALI,3.367295829986474,5.424950017481403,4.204692619390966,0.0,0.0,4.941642422609304,6.180016653652572,0.058091286307053944,0.46887966804979253,0.13692946058091288,0.0,0.2883817427385892
BIHAR,ECONOMIC OFFENCES UNIT,0.0,0.0,0.0,0.0,0.0,0.0,0.0,0.0,0.0,0.0,0.0,0.0
BIHAR,ANTI TERRORIST SQUAD,0.0,0.0,0.0,0.0,0.0,0.0,0.0,0.0,0.0,0.0,0.0,0.0
CHHATTISGARH,BALOD,3.5553480614894135,2.9444389791664403,1.6094379124341003,4.143134726391533,1.3862943611198906,3.1780538303479458,5.91350300563827,0.0921409214092141,0.04878048780487805,0.01084010840108401,0.16802168021680217,0.06233062330623306
CHHATTISGARH,BALODBAZAR,3.713572066704308,4.736198448394496,2.1972245773362196,4.564348191467836,1.9459101490553132,3.4965075614664802,6.20050917404269,0.08130081300813008,0.22967479674796748,0.016260162601626018,0.19308943089430894,0.06504065040650407
CHHATTISGARH,BALRAMPUR,4.718498871295094,2.70805020110221,1.791759469228055,4.143134726391533,0.6931471805599453,3.6888794541139363,6.175867270105761,0.23125,0.029166666666666667,0.010416666666666666,0.12916666666666668,0.08125
CHHATTISGARH,BEMETRA,3.7376696182833684,3.1780538303479458,1.3862943611198906,4.04305126783455,0.0,2.995732273553991,5.872117789475416,0.11581920903954802,0.06497175141242938,0.00847457627118644,0.15819209039548024,0.05367231638418079
CHHATTISGARH,BILASPUR,4.553876891600541,5.056245805348308,2.6390573296152584,5.356586274672012,1.791759469228055,4.330733340286331,6.814542897259958,0.10329670329670329,0.17142857142857143,0.014285714285714285,0.23186813186813188,0.08241758241758242
CHHATTISGARH,BIZAPUR,1.9459101490553132,2.1972245773362196,0.0,1.0986122886681098,0.0,1.0986122886681098,4.143134726391533,0.0967741935483871,0.12903225806451613,0.0,0.03225806451612903,0.03225806451612903
CHHATTISGARH,DANTEWARA,2.4849066497880004,1.9459101490553132,0.0,2.302585092994046,0.0,1.9459101490553132,3.970291913552122,0.21153846153846154,0.11538461538461539,0.0,0.17307692307692307,0.11538461538461539
CHHATTISGARH,DHAMTARI,3.6109179126442243,2.995732273553991,1.3862943611198906,3.912023005428146,1.9459101490553132,2.302585092994046,5.62040086571715,0.13090909090909092,0.06909090909090909,0.01090909090909091,0.1781818181818182,0.03272727272727273
CHHATTISGARH,DURG,4.442651256490317,5.017279836814924,2.5649493574615367,5.541263545158426,2.5649493574615367,5.153291594497779,7.242082359256962,0.06017191977077364,0.10744985673352435,0.008595988538681949,0.1819484240687679,0.12320916905444126
CHHATTISGARH,GARIYABAND,3.7612001156935624,2.6390573296152584,1.3862943611198906,3.4657359027997265,1.3862943611198906,2.70805020110221,5.365976015021851,0.19718309859154928,0.06103286384976526,0.014084507042253521,0.14553990610328638,0.06572769953051644
CHHATTISGARH,G. R. P. RAIPUR,0.0,0.6931471805599453,0.6931471805599453,2.1972245773362196,0.0,1.6094379124341003,3.044522437723423,0.0,0.05,0.05,0.4,0.2
CHHATTISGARH,JAGDALPUR,3.4965075614664802,3.4657359027997265,0.6931471805599453,3.7612001156935624,0.0,3.044522437723423,5.4680601411351315,0.13559322033898305,0.13135593220338984,0.00423728813559322,0.17796610169491525,0.0847457627118644
CHHATTISGARH,JANJGIR,4.174387269895637,4.672828834461906,3.044522437723423,4.955827057601261,2.0794415416798357,4.51085950651685,6.664409020350408,0.08173690932311622,0.13537675606641125,0.02554278416347382,0.18007662835249041,0.11494252873563218
CHHATTISGARH,JASHPUR,4.465908118654584,3.5263605246161616,0.0,3.8918202981106265,0.0,2.4849066497880004,5.4680601411351315,0.3644067796610169,0.13983050847457626,0.0,0.2033898305084746,0.046610169491525424
CHHATTISGARH,KABIRDHAM,3.6888794541139363,4.007333185232471,1.9459101490553132,4.442651256490317,1.0986122886681098,2.70805020110221,5.950642552587727,0.10182767624020887,0.1409921671018277,0.015665796344647518,0.2193211488250653,0.03655352480417755
CHHATTISGARH,KANKER,3.713572066704308,3.4657359027997265,1.791759469228055,3.6375861597263857,1.0986122886681098,3.258096538021482,5.54907608489522,0.15625,0.12109375,0.01953125,0.14453125,0.09765625
CHHATTISGARH,KONDAGAON,3.091042453358316,2.772588722239781,0.6931471805599453,2.833213344056216,0.0,2.1972245773362196,4.700480365792417,0.1926605504587156,0.13761467889908258,0.009174311926605505,0.14678899082568808,0.07339449541284404
CHHATTISGARH,KORBA,4.23410650459726,3.6109179126442243,1.9459101490553132,4.430816798843313,1.6094379124341003,3.9512437185814275,5.616771097666572,0.24817518248175183,0.13138686131386862,0.021897810218978103,0.3029197080291971,0.18613138686131386
CHHATTISGARH,KORIYA,4.07753744390572,4.143134726391533,1.0986122886681098,4.31748811353631,0.6931471805599453,4.0943445622221,6.113682179832232,0.1286031042128603,0.13747228381374724,0.004434589800443459,0.164079822616408,0.13082039911308205
CHHATTISGARH,MAHASAMUND,3.8066624897703196,4.189654742026425,2.3978952727983707,4.605170185988092,1.6094379124341003,3.367295829986474,6.148468295917647,0.09421841541755889,0.139186295503212,0.021413276231263382,0.21199143468950749,0.059957173447537475
CHHATTISGARH,MUNGALI,2.3978952727983707,3.4965075614664802,1.9459101490553132,3.6635616461296463,2.772588722239781,2.70805020110221,4.867534450455582,0.07751937984496124,0.24806201550387597,0.046511627906976744,0.29457364341085274,0.10852713178294573
CHHATTISGARH,NARAYANPUR,2.0794415416798357,1.791759469228055,0.0,1.9459101490553132,0.0,0.6931471805599453,3.332204510175204,0.25925925925925924,0.18518518518518517,0.0,0.2222222222222222,0.037037037037037035
CHHATTISGARH,RAIGARH,4.804021044733257,3.912023005428146,2.0794415416798357,4.948759890378168,0.6931471805599453,3.8501476017100584,6.302618975744905,0.22201834862385322,0.08990825688073395,0.012844036697247707,0.25688073394495414,0.08440366972477065
CHHATTISGARH,RAIPUR,4.955827057601261,5.19295685089021,1.3862943611198906,5.41610040220442,1.6094379124341003,4.574710978503383,7.179307969504034,0.10755148741418764,0.13653699466056446,0.002288329519450801,0.17086193745232647,0.07322654462242563
CHHATTISGARH,RAJNANDGAON,4.060443010546419,4.543294782270004,1.6094379124341003,4.61512051684126,1.3862943611198906,3.5263605246161616,6.329720905522696,0.10178571428571428,0.16607142857142856,0.007142857142857143,0.17857142857142858,0.05892857142857143
CHHATTISGARH,SARGUJA,4.553876891600541,2.4849066497880004,1.6094379124341003,4.343805421853684,0.0,3.1780538303479458,5.918893854273146,0.25336927223719674,0.029649595687331536,0.01078167115902965,0.20485175202156333,0.06199460916442048
CHHATTISGARH,SUKMA,1.791759469228055,1.791759469228055,0.0,1.791759469228055,0.0,1.3862943611198906,3.1780538303479458,0.21739130434782608,0.21739130434782608,0.0,0.21739130434782608,0.13043478260869565
CHHATTISGARH,SURAJPUR,3.9318256327243257,4.189654742026425,0.6931471805599453,4.2626798770413155,0.0,3.871201010907891,5.58724865840025,0.18796992481203006,0.24436090225563908,0.0037593984962406013,0.2631578947368421,0.17669172932330826
GOA,NORTH GOA,4.02535169073515,4.02535169073515,0.0,4.990432586778736,3.713572066704308,2.4849066497880004,5.8888779583328805,0.1527777777777778,0.1527777777777778,0.0,0.40555555555555556,0.030555555555555555
GOA,SOUTH GOA,3.6375861597263857,3.4657359027997265,0.0,3.9889840465642745,2.8903717578961645,3.1780538303479458,5.247024072160486,0.19576719576719576,0.164021164021164,0.0,0.2804232804232804,0.12169312169312169
GOA,C. I. D.,1.3862943611198906,0.0,0.0,1.3862943611198906,0.0,0.6931471805599453,3.332204510175204,0.1111111111111111,0.0,0.0,0.1111111111111111,0.037037037037037035
GUJARAT,AHMEDABAD CITY,4.61512051684126,5.568344503761097,2.4849066497880004,5.093750200806762,1.3862943611198906,6.688354713946762,7.599901959208498,0.0500751126690035,0.13069604406609914,0.005508262393590386,0.08112168252378568,0.4016024036054081
GUJARAT,AHMEDABAD RURAL,2.9444389791664403,4.394449154672439,0.0,3.4657359027997265,0.0,4.962844630259907,6.180016653652572,0.03734439834024896,0.16597510373443983,0.0,0.06431535269709543,0.2946058091286307
GUJARAT,AMRELI,2.0794415416798357,4.189654742026425,0.0,3.091042453358316,0.6931471805599453,4.941642422609304,5.905361848054571,0.01912568306010929,0.17759562841530055,0.0,0.05737704918032787,0.3797814207650273
GUJARAT,ANAND,2.5649493574615367,4.276666119016055,0.0,3.091042453358316,1.791759469228055,4.770684624465665,5.68697535633982,0.04081632653061224,0.24149659863945577,0.0,0.07142857142857142,0.3979591836734694
GUJARAT,ARVALLI,1.791759469228055,3.6375861597263857,0.0,2.995732273553991,1.0986122886681098,4.248495242049359,5.0106352940962555,0.03355704697986577,0.2483221476510067,0.0,0.12751677852348994,0.46308724832214765
GUJARAT,BANASKANTHA,4.04305126783455,4.663439094112067,0.0,4.51085950651685,1.0986122886681098,5.69035945432406,6.359573868672378,0.09705372616984402,0.18197573656845753,0.0,0.1559792027729636,0.511265164644714
GUJARAT,BHARUCH,3.7612001156935624,3.828641396489095,0.0,3.912023005428146,0.0,4.1588830833596715,5.66988092298052,0.1453287197231834,0.15570934256055363,0.0,0.1695501730103806,0.2179930795847751
GUJARAT,BHAVNAGAR,2.8903717578961645,4.584967478670572,0.0,3.6888794541139363,3.6109179126442243,5.049856007249537,6.023447592961033,0.0412621359223301,0.2354368932038835,0.0,0.09466019417475728,0.3762135922330097
GUJARAT,BOTAD,2.4849066497880004,3.258096538021482,0.0,2.4849066497880004,0.0,3.6888794541139363,4.59511985013459,0.11224489795918367,0.25510204081632654,0.0,0.11224489795918367,0.3979591836734694
GUJARAT,CHHOTAUDEPUR,2.772588722239781,3.6635616461296463,0.0,2.4849066497880004,0.0,3.091042453358316,4.6913478822291435,0.1388888888888889,0.35185185185185186,0.0,0.10185185185185185,0.19444444444444445
GUJARAT,C. I. D. CRIME,0.0,0.0,0.0,0.0,0.0,0.0,0.0,0.0,0.0,0.0,0.0,0.0
GUJARAT,DAHOD,3.332204510175204,4.564348191467836,0.0,3.367295829986474,0.0,4.897839799950911,5.808142489980444,0.08132530120481928,0.286144578313253,0.0,0.08433734939759036,0.4006024096385542
GUJARAT,DANG,1.6094379124341003,1.0986122886681098,0.6931471805599453,1.9459101490553132,1.6094379124341003,3.295836866004329,4.007333185232471,0.07407407407407407,0.037037037037037035,0.018518518518518517,0.1111111111111111,0.48148148148148145
GUJARAT,DEVBHUMI DWARKA,1.3862943611198906,2.6390573296152584,0.0,2.70805020110221,0.0,4.882801922586371,5.25227342804663,0.015789473684210527,0.06842105263157895,0.0,0.07368421052631578,0.6894736842105263
GUJARAT,GANDHINAGAR,2.8903717578961645,4.189654742026425,0.0,3.1354942159291497,1.0986122886681098,5.030437921392435,5.768320995793772,0.05329153605015674,0.20376175548589343,0.0,0.06896551724137931,0.47648902821316613
GUJARAT,GIR SOMNATH,2.8903717578961645,3.4011973816621555,0.6931471805599453,3.4339872044851463,1.0986122886681098,4.836281906951478,5.442417710521793,0.07391304347826087,0.12608695652173912,0.004347826086956522,0.13043478260869565,0.5434782608695652
GUJARAT,JAMNAGAR,3.5553480614894135,4.04305126783455,0.6931471805599453,3.295836866004329,0.6931471805599453,5.442417710521793,5.918893854273146,0.09164420485175202,0.1509433962264151,0.0026954177897574125,0.07008086253369272,0.6199460916442049
GUJARAT,JUNAGADH,3.091042453358316,4.174387269895637,0.0,3.7612001156935624,0.0,5.697093486505405,6.212606095751519,0.04216867469879518,0.1285140562248996,0.0,0.08433734939759036,0.5963855421686747
GUJARAT,KACHCHH EAST(G),3.4657359027997265,3.6888794541139363,0.0,3.5553480614894135,1.0986122886681098,5.075173815233827,5.739792912179234,0.1,0.12580645161290321,0.0,0.10967741935483871,0.5129032258064516
GUJARAT,KACHCHH WEST(B),2.9444389791664403,3.295836866004329,0.0,3.332204510175204,1.3862943611198906,5.318119993844216,5.771441123130016,0.05625,0.08125,0.0,0.084375,0.634375
GUJARAT,KHEDA,2.5649493574615367,4.3694478524670215,0.0,3.4011973816621555,0.0,4.465908118654584,5.634789603169249,0.043010752688172046,0.27956989247311825,0.0,0.1039426523297491,0.30824372759856633
GUJARAT,MAHISAGAR,2.3978952727983707,3.1354942159291497,0.0,2.772588722239781,0.0,4.574710978503383,5.056245805348308,0.0641025641025641,0.14102564102564102,0.0,0.09615384615384616,0.6153846153846154
GUJARAT,MEHSANA,1.9459101490553132,4.532599493153256,0.0,3.7612001156935624,0.0,5.602118820879701,6.182084906716632,0.012422360248447204,0.19047619047619047,0.0,0.08695652173913043,0.5590062111801242
GUJARAT,MORBI,2.302585092994046,3.1354942159291497,1.3862943611198906,2.8903717578961645,0.6931471805599453,4.532599493153256,5.337538079701318,0.043478260869565216,0.10628019323671498,0.014492753623188406,0.0821256038647343,0.4444444444444444
GUJARAT,NARMADA,2.1972245773362196,2.772588722239781,0.0,3.091042453358316,0.0,2.772588722239781,4.276666119016055,0.11267605633802817,0.2112676056338028,0.0,0.29577464788732394,0.2112676056338028
GUJARAT,NAVSARI,2.772588722239781,3.4965075614664802,0.0,2.995732273553991,0.0,4.248495242049359,5.0106352940962555,0.10067114093959731,0.21476510067114093,0.0,0.12751677852348994,0.46308724832214765
GUJARAT,PANCHMAHAL,3.2188758248682006,4.204692619390966,0.0,3.367295829986474,0.0,4.672828834461906,5.6937321388027,0.08108108108108109,0.22297297297297297,0.0,0.0945945945945946,0.3581081081081081
GUJARAT,PATAN,3.258096538021482,3.8918202981106265,0.6931471805599453,3.9512437185814275,0.0,4.9344739331306915,5.659482215759621,0.08741258741258741,0.16783216783216784,0.0034965034965034965,0.17832167832167833,0.4825174825174825
GUJARAT,PORBANDAR,2.1972245773362196,2.8903717578961645,0.6931471805599453,2.9444389791664403,0.6931471805599453,4.543294782270004,5.099866427824199,0.049079754601226995,0.10429447852760736,0.006134969325153374,0.11042944785276074,0.5705521472392638
GUJARAT,RAJKOT CITY,2.8903717578961645,4.248495242049359,0.0,3.4657359027997265,1.791759469228055,5.71042701737487,6.298949246855942,0.03130755064456722,0.1270718232044199,0.0,0.0570902394106814,0.5543278084714549
GUJARAT,RAJKOT RURAL,3.4339872044851463,4.127134385045092,0.6931471805599453,3.6109179126442243,0.6931471805599453,5.459585514144159,5.966146739123692,0.07712082262210797,0.15681233933161953,0.002570694087403599,0.09254498714652956,0.6015424164524421
GUJARAT,SABARKANTHA,2.3978952727983707,3.5553480614894135,0.0,3.5263605246161616,0.6931471805599453,4.882801922586371,5.44673737166631,0.04329004329004329,0.1471861471861472,0.0,0.14285714285714285,0.5670995670995671
GUJARAT,SURAT CITY,4.553876891600541,4.795790545596741,1.0986122886681098,4.2626798770413155,0.0,6.0063531596017325,6.5638555265321274,0.1327683615819209,0.1694915254237288,0.002824858757062147,0.09887005649717515,0.5720338983050848
GUJARAT,SURAT RURAL,3.091042453358316,3.58351893845611,0.0,3.5553480614894135,0.0,4.51085950651685,6.706862336602747,0.025703794369645042,0.042839657282741736,0.0,0.0416156670746634,0.11015911872705018
GUJARAT,SURENDRANAGAR,3.1354942159291497,3.6375861597263857,0.0,3.6109179126442243,0.0,4.499809670330265,5.351858133476067,0.10476190476190476,0.1761904761904762,0.0,0.17142857142857143,0.4238095238095238
GUJARAT,TAPI,2.772588722239781,2.3978952727983707,0.0,2.302585092994046,4.499809670330265,3.044522437723423,5.0689042022202315,0.0949367088607595,0.06329113924050633,0.0,0.056962025316455694,0.12658227848101267
GUJARAT,VADODARA CITY,3.1780538303479458,4.330733340286331,0.6931471805599453,4.700480365792417,2.1972245773362196,5.726847747587197,6.453624998892692,0.03627760252365931,0.11829652996845426,0.0015772870662460567,0.1719242902208202,0.48264984227129337
GUJARAT,VADODARA RURAL,2.4849066497880004,4.143134726391533,0.0,3.6109179126442243,1.3862943611198906,4.219507705176107,5.332718793265369,0.05339805825242718,0.30097087378640774,0.0,0.17475728155339806,0.32524271844660196
GUJARAT,VALSAD,3.295836866004329,4.343805421853684,0.0,3.332204510175204,0.0,4.430816798843313,5.5909869805108565,0.09737827715355805,0.2846441947565543,0.0,0.10112359550561797,0.31086142322097376
GUJARAT,W.RLY  AHMEDABAD,0.0,0.0,0.0,1.9459101490553132,0.0,1.0986122886681098,2.70805020110221,0.0,0.0,0.0,0.42857142857142855,0.14285714285714285
GUJARAT,W.RLY VADODARA,0.0,1.3862943611198906,0.0,1.0986122886681098,0.6931471805599453,0.0,1.9459101490553132,0.0,0.5,0.0,0.3333333333333333,0.0
HARYANA,AMBALA (RURAL),3.258096538021482,4.07753744390572,2.302585092994046,2.8903717578961645,0.0,3.970291913552122,5.442417710521793,0.10869565217391304,0.25217391304347825,0.0391304347826087,0.07391304347826087,0.22608695652173913
HARYANA,AMBALA (URBAN),3.4657359027997265,4.465908118654584,2.1972245773362196,3.1780538303479458,0.6931471805599453,4.718498871295094,6.327936783729195,0.055456171735241505,0.15384615384615385,0.014311270125223614,0.04114490161001789,0.19856887298747763
HARYANA,BHIWANI,3.8066624897703196,4.430816798843313,2.5649493574615367,4.605170185988092,0.6931471805599453,4.787491742782046,6.755768921984255,0.05128205128205128,0.09673659673659674,0.013986013986013986,0.11538461538461539,0.1386946386946387
HARYANA,FARIDABAD,4.624972813284271,5.60947179518496,3.044522437723423,4.553876891600541,2.833213344056216,5.713732805509369,6.754604099487962,0.11785297549591599,0.31738623103850644,0.023337222870478413,0.10968494749124855,0.352392065344224
HARYANA,FATEHABAD,3.332204510175204,3.5263605246161616,2.0794415416798357,4.04305126783455,1.0986122886681098,5.043425116919247,6.073044534100405,0.06235565819861432,0.07621247113163972,0.016166281755196306,0.12933025404157045,0.3556581986143187
HARYANA,G. R. P.,0.6931471805599453,1.6094379124341003,2.1972245773362196,2.8903717578961645,0.6931471805599453,0.0,4.941642422609304,0.007194244604316547,0.02877697841726619,0.05755395683453238,0.1223021582733813,0.0
HARYANA,GURGAON,4.770684624465665,5.564520407322694,2.995732273553991,5.049856007249537,2.6390573296152584,5.627621113690637,7.2633296174768365,0.0820476858345021,0.182328190743338,0.01332398316970547,0.10869565217391304,0.19424964936886396
HARYANA,HISSAR,4.02535169073515,4.143134726391533,2.70805020110221,4.5217885770490405,0.6931471805599453,5.780743515792329,6.710523109452428,0.06707317073170732,0.07560975609756097,0.01707317073170732,0.11097560975609756,0.39390243902439026
HARYANA,JHAJJAR,4.04305126783455,2.8903717578961645,3.258096538021482,3.871201010907891,2.0794415416798357,4.836281906951478,5.82600010738045,0.16568047337278108,0.05029585798816568,0.07396449704142012,0.1390532544378698,0.3698224852071006
HARYANA,JIND,3.1780538303479458,4.219507705176107,2.5649493574615367,4.219507705176107,0.0,4.795790545596741,6.403574197934815,0.03814262023217247,0.1111111111111111,0.01990049751243781,0.1111111111111111,0.19900497512437812
HARYANA,KAITHAL,3.5263605246161616,4.356708826689592,2.3978952727983707,4.07753744390572,0.0,4.762173934797756,5.8289456176102075,0.09734513274336283,0.22713864306784662,0.029498525073746312,0.1710914454277286,0.3421828908554572
HARYANA,KARNAL,4.61512051684126,5.231108616854587,2.8903717578961645,4.564348191467836,1.3862943611198906,5.4116460518550396,6.566672429803241,0.14084507042253522,0.2619718309859155,0.023943661971830985,0.13380281690140844,0.31408450704225355
HARYANA,KURUKSHETRA,3.58351893845611,4.060443010546419,1.9459101490553132,4.0943445622221,2.0794415416798357,4.61512051684126,5.631211781821365,0.12589928057553956,0.20503597122302158,0.02158273381294964,0.21223021582733814,0.3597122302158273
HARYANA,MAHENDERGARH,3.2188758248682006,4.0943445622221,2.772588722239781,4.3694478524670215,2.0794415416798357,4.3694478524670215,5.676753802268282,0.08247422680412371,0.2027491408934708,0.05154639175257732,0.26804123711340205,0.26804123711340205
HARYANA,MEWAT,4.454347296253507,3.4339872044851463,1.791759469228055,4.465908118654584,0.6931471805599453,4.672828834461906,5.799092654460526,0.25835866261398177,0.0911854103343465,0.015197568389057751,0.2613981762917933,0.3221884498480243
HARYANA,PALWAL,3.912023005428146,4.290459441148391,2.833213344056216,4.574710978503383,0.0,5.267858159063328,6.322565239927284,0.08812949640287769,0.12949640287769784,0.02877697841726619,0.17266187050359713,0.3471223021582734
HARYANA,PANCHKULA,3.6109179126442243,4.51085950651685,1.791759469228055,3.4339872044851463,1.3862943611198906,4.30406509320417,5.739792912179234,0.11612903225806452,0.2903225806451613,0.016129032258064516,0.0967741935483871,0.23548387096774193
HARYANA,PANIPAT,4.174387269895637,4.532599493153256,2.9444389791664403,4.584967478670572,0.0,5.429345628954441,6.464588303689961,0.0998439937597504,0.1435257410296412,0.028081123244929798,0.15132605304212168,0.3541341653666147
HARYANA,REWARI,3.7376696182833684,4.430816798843313,2.4849066497880004,4.189654742026425,3.58351893845611,4.663439094112067,5.945420608606575,0.10761154855643044,0.2178477690288714,0.028871391076115485,0.17060367454068243,0.2755905511811024
HARYANA,ROHTAK,4.23410650459726,2.995732273553991,2.833213344056216,4.59511985013459,0.0,5.1298987149230735,6.535241271013659,0.09883720930232558,0.027616279069767442,0.023255813953488372,0.14244186046511628,0.2441860465116279
HARYANA,SIRSA,3.912023005428146,4.189654742026425,1.791759469228055,4.465908118654584,1.0986122886681098,5.1647859739235145,6.0112671744041615,0.12039312039312039,0.1597051597051597,0.012285012285012284,0.2113022113022113,0.4275184275184275
HARYANA,SONIPAT,4.110873864173311,4.23410650459726,3.367295829986474,4.59511985013459,1.0986122886681098,5.093750200806762,6.180016653652572,0.12448132780082988,0.14107883817427386,0.058091286307053944,0.2033195020746888,0.3360995850622407
HARYANA,YAMUNANAGAR,3.9318256327243257,4.418840607796598,2.0794415416798357,4.343805421853684,0.0,5.14166355650266,6.025865973825314,0.12106537530266344,0.19854721549636803,0.01694915254237288,0.18401937046004843,0.4116222760290557
HARYANA,IRRIGATION & POWER,0.0,0.0,0.0,0.0,0.0,0.0,0.0,0.0,0.0,0.0,0.0,0.0
HIMACHAL PRADESH,BADDI,2.302585092994046,2.3978952727983707,0.0,2.772588722239781,0.6931471805599453,2.995732273553991,4.174387269895637,0.140625,0.15625,0.0,0.234375,0.296875
HIMACHAL PRADESH,BILASPUR,2.772588722239781,3.784189633918261,0.0,4.290459441148391,0.0,3.258096538021482,5.214935757608986,0.08196721311475409,0.23497267759562843,0.0,0.39344262295081966,0.1366120218579235
HIMACHAL PRADESH,CHAMBA,3.1780538303479458,2.995732273553991,0.0,3.332204510175204,0.6931471805599453,2.302585092994046,4.564348191467836,0.24210526315789474,0.2,0.0,0.28421052631578947,0.09473684210526316
HIMACHAL PRADESH,C. I. D.,0.6931471805599453,0.0,0.0,0.0,0.0,0.0,1.0986122886681098,0.5,0.0,0.0,0.0,0.0
HIMACHAL PRADESH,G. R. P.,0.0,0.0,0.0,0.0,0.0,0.0,0.0,0.0,0.0,0.0,0.0,0.0
HIMACHAL PRADESH,HAMIRPUR,2.6390573296152584,2.6390573296152584,0.0,3.4965075614664802,2.70805020110221,3.332204510175204,4.634728988229636,0.12745098039215685,0.12745098039215685,0.0,0.3137254901960784,0.2647058823529412
HIMACHAL PRADESH,KANGRA,3.784189633918261,3.295836866004329,0.0,4.382026634673881,2.772588722239781,3.8501476017100584,5.655991810819852,0.15087719298245614,0.0912280701754386,0.0,0.2771929824561403,0.16140350877192983
HIMACHAL PRADESH,KINNAUR,2.3978952727983707,1.3862943611198906,0.0,1.791759469228055,0.6931471805599453,1.3862943611198906,3.1780538303479458,0.43478260869565216,0.13043478260869565,0.0,0.21739130434782608,0.13043478260869565
HIMACHAL PRADESH,KULLU,2.833213344056216,1.6094379124341003,0.0,3.58351893845611,0.0,3.091042453358316,4.382026634673881,0.20253164556962025,0.05063291139240506,0.0,0.4430379746835443,0.26582278481012656
HIMACHAL PRADESH,LAHAUL & SPITI,0.0,0.6931471805599453,0.0,0.0,0.0,0.0,1.6094379124341003,0.0,0.25,0.0,0.0,0.0
HIMACHAL PRADESH,MANDI,3.871201010907891,3.5263605246161616,0.0,4.624972813284271,2.772588722239781,3.9318256327243257,5.5909869805108565,0.1760299625468165,0.12359550561797752,0.0,0.3782771535580524,0.18726591760299627
HIMACHAL PRADESH,SHIMLA,3.6888794541139363,3.4965075614664802,0.0,4.174387269895637,2.3978952727983707,3.332204510175204,5.278114659230517,0.2,0.1641025641025641,0.0,0.3282051282051282,0.13846153846153847
HIMACHAL PRADESH,SIRMAUR,3.367295829986474,2.772588722239781,0.0,3.8501476017100584,1.0986122886681098,3.2188758248682006,4.820281565605037,0.22764227642276422,0.12195121951219512,0.0,0.37398373983739835,0.1951219512195122
HIMACHAL PRADESH,SOLAN,2.833213344056216,2.9444389791664403,0.0,3.4657359027997265,0.0,2.5649493574615367,4.442651256490317,0.19047619047619047,0.21428571428571427,0.0,0.36904761904761907,0.14285714285714285
HIMACHAL PRADESH,UNA,3.1780538303479458,2.3978952727983707,0.6931471805599453,3.4657359027997265,0.6931471805599453,4.143134726391533,4.9344739331306915,0.16666666666666666,0.07246376811594203,0.007246376811594203,0.2246376811594203,0.4492753623188406
JAMMU & KASHMIR,ANANTNAG,2.995732273553991,4.143134726391533,0.0,4.820281565605037,0.0,2.302585092994046,5.393627546352362,0.0867579908675799,0.2831050228310502,0.0,0.5616438356164384,0.0410958904109589
JAMMU & KASHMIR,AWANTIPORA,1.9459101490553132,2.995732273553991,0.0,2.995732273553991,0.0,0.6931471805599453,3.970291913552122,0.11538461538461539,0.36538461538461536,0.0,0.36538461538461536,0.019230769230769232
JAMMU & KASHMIR,BANDIPORA,1.6094379124341003,3.6375861597263857,0.0,3.9889840465642745,1.791759469228055,1.6094379124341003,4.700480365792417,0.03669724770642202,0.3394495412844037,0.0,0.48623853211009177,0.03669724770642202
JAMMU & KASHMIR,BARAMULLA,2.3978952727983707,4.007333185232471,0.0,4.430816798843313,2.9444389791664403,2.4849066497880004,5.204006687076795,0.055248618784530384,0.2983425414364641,0.0,0.4585635359116022,0.06077348066298342
JAMMU & KASHMIR,BUDGAM,2.302585092994046,3.8501476017100584,0.0,3.4339872044851463,1.9459101490553132,1.3862943611198906,4.605170185988092,0.09090909090909091,0.46464646464646464,0.0,0.30303030303030304,0.030303030303030304
JAMMU & KASHMIR,CRIME JAMMU,0.0,0.0,0.0,0.0,0.0,0.0,0.0,0.0,0.0,0.0,0.0,0.0
JAMMU & KASHMIR,CRIME SRINAGAR,0.6931471805599453,0.0,0.0,0.0,0.0,0.0,0.6931471805599453,1.0,0.0,0.0,0.0,0.0
JAMMU & KASHMIR,DODA,3.1780538303479458,2.833213344056216,0.0,4.110873864173311,2.1972245773362196,2.70805020110221,4.804021044733257,0.19008264462809918,0.1322314049586777,0.0,0.49586776859504134,0.11570247933884298
JAMMU & KASHMIR,GANDERBAL,0.0,3.044522437723423,0.0,4.007333185232471,0.0,1.3862943611198906,4.394449154672439,0.0,0.25,0.0,0.675,0.0375
JAMMU & KASHMIR,HANDWARA,1.3862943611198906,3.2188758248682006,0.0,4.394449154672439,0.0,1.0986122886681098,4.700480365792417,0.027522935779816515,0.22018348623853212,0.0,0.7339449541284404,0.01834862385321101
JAMMU & KASHMIR,JAMMU,4.23410650459726,4.110873864173311,1.6094379124341003,4.406719247264253,3.970291913552122,5.075173815233827,6.07073772800249,0.1574074074074074,0.1388888888888889,0.009259259259259259,0.1875,0.3680555555555556
JAMMU & KASHMIR,KARGIL,1.0986122886681098,1.0986122886681098,0.0,0.0,0.0,0.0,1.6094379124341003,0.5,0.5,0.0,0.0,0.0
JAMMU & KASHMIR,KATHUA,2.9444389791664403,3.5263605246161616,0.6931471805599453,3.784189633918261,2.772588722239781,3.091042453358316,4.941642422609304,0.12949640287769784,0.23741007194244604,0.007194244604316547,0.30935251798561153,0.1510791366906475
JAMMU & KASHMIR,KISHTWAR,1.9459101490553132,2.9444389791664403,0.0,3.1780538303479458,0.0,2.302585092994046,4.04305126783455,0.10714285714285714,0.32142857142857145,0.0,0.4107142857142857,0.16071428571428573
JAMMU & KASHMIR,KULGAM,2.0794415416798357,3.6888794541139363,0.0,5.147494476813453,2.6390573296152584,0.0,5.44673737166631,0.030303030303030304,0.16883116883116883,0.0,0.7402597402597403,0.0
JAMMU & KASHMIR,KUPWARA,2.1972245773362196,3.7612001156935624,0.0,4.127134385045092,2.5649493574615367,2.1972245773362196,4.976733742420574,0.05555555555555555,0.2916666666666667,0.0,0.4236111111111111,0.05555555555555555
JAMMU & KASHMIR,LEH,1.9459101490553132,0.6931471805599453,0.0,1.3862943611198906,0.0,0.0,2.3978952727983707,0.6,0.1,0.0,0.3,0.0
JAMMU & KASHMIR,POONCH,2.6390573296152584,3.6109179126442243,0.0,3.7612001156935624,2.1972245773362196,3.258096538021482,5.0238805208462765,0.08609271523178808,0.23841059602649006,0.0,0.2781456953642384,0.16556291390728478
JAMMU & KASHMIR,PULWAMA,2.0794415416798357,3.044522437723423,0.0,3.044522437723423,1.9459101490553132,0.6931471805599453,4.060443010546419,0.12280701754385964,0.3508771929824561,0.0,0.3508771929824561,0.017543859649122806
JAMMU & KASHMIR,RAILWAYS JAMMU,0.0,0.0,0.0,0.6931471805599453,1.0986122886681098,0.0,1.6094379124341003,0.0,0.0,0.0,0.25,0.0
JAMMU & KASHMIR,RAILWAYS KASHMIR,0.0,0.0,0.0,1.0986122886681098,0.0,0.0,1.0986122886681098,0.0,0.0,0.0,1.0,0.0
JAMMU & KASHMIR,RAILWAYS KATRA,0.0,0.0,0.0,0.0,0.6931471805599453,0.0,0.6931471805599453,0.0,0.0,0.0,0.0,0.0
JAMMU & KASHMIR,RAJOURI,3.6888794541139363,4.110873864173311,0.0,4.189654742026425,2.8903717578961645,4.276666119016055,5.648974238161206,0.13780918727915195,0.21201413427561838,0.0,0.22968197879858657,0.2508833922261484
JAMMU & KASHMIR,RAMBAN,2.1972245773362196,3.1780538303479458,0.0,3.258096538021482,2.70805020110221,2.5649493574615367,4.5217885770490405,0.08791208791208792,0.25274725274725274,0.0,0.27472527472527475,0.13186813186813187
JAMMU & KASHMIR,REASI,2.833213344056216,3.295836866004329,0.0,2.9444389791664403,1.3862943611198906,2.833213344056216,4.394449154672439,0.2,0.325,0.0,0.225,0.2
JAMMU & KASHMIR,SAMBA,2.0794415416798357,2.5649493574615367,0.0,2.3978952727983707,0.0,2.1972245773362196,3.7376696182833684,0.17073170731707318,0.2926829268292683,0.0,0.24390243902439024,0.1951219512195122
JAMMU & KASHMIR,SHOPIAN,0.6931471805599453,3.6375861597263857,0.0,3.4339872044851463,0.0,1.0986122886681098,4.2626798770413155,0.014285714285714285,0.5285714285714286,0.0,0.42857142857142855,0.02857142857142857
JAMMU & KASHMIR,SOPORE,2.1972245773362196,3.713572066704308,0.0,4.430816798843313,0.0,2.0794415416798357,5.075173815233827,0.050314465408805034,0.25157232704402516,0.0,0.5220125786163522,0.0440251572327044
JAMMU & KASHMIR,SRINAGAR,2.5649493574615367,4.23410650459726,0.0,5.389071729816501,3.8066624897703196,4.1588830833596715,6.037870919922137,0.028708133971291867,0.16267942583732056,0.0,0.5215311004784688,0.1507177033492823
JAMMU & KASHMIR,UDHAMPUR,3.4339872044851463,2.9444389791664403,0.0,3.1780538303479458,2.6390573296152584,2.9444389791664403,4.68213122712422,0.2803738317757009,0.16822429906542055,0.0,0.21495327102803738,0.16822429906542055
JHARKHAND,BOKARO,4.1588830833596715,4.584967478670572,2.9444389791664403,0.0,0.0,5.236441962829949,5.902633333401366,0.1726027397260274,0.26575342465753427,0.049315068493150684,0.0,0.5123287671232877
JHARKHAND,CHAIBASA,4.007333185232471,3.1354942159291497,1.0986122886681098,3.1354942159291497,0.0,2.995732273553991,5.153291594497779,0.313953488372093,0.12790697674418605,0.011627906976744186,0.12790697674418605,0.11046511627906977
JHARKHAND,CHATRA,2.9444389791664403,3.4657359027997265,4.143134726391533,2.995732273553991,2.1972245773362196,3.2188758248682006,5.529429087511423,0.07171314741035857,0.12350597609561753,0.24701195219123506,0.07569721115537849,0.09561752988047809
JHARKHAND,DEOGHAR,3.258096538021482,4.1588830833596715,3.367295829986474,3.091042453358316,0.0,4.9344739331306915,5.988961416889864,0.06281407035175879,0.15829145728643215,0.07035175879396985,0.052763819095477386,0.34673366834170855
JHARKHAND,DHANBAD,4.007333185232471,5.003946305945459,3.367295829986474,4.007333185232471,0.0,4.605170185988092,6.395261598115449,0.0903010033444816,0.24749163879598662,0.046822742474916385,0.0903010033444816,0.16555183946488294
JHARKHAND,DHANBAD RAILWAY,0.0,1.6094379124341003,1.0986122886681098,1.9459101490553132,0.0,0.0,2.70805020110221,0.0,0.2857142857142857,0.14285714285714285,0.42857142857142855,0.0
JHARKHAND,DUMKA,3.6888794541139363,2.833213344056216,2.4849066497880004,2.302585092994046,1.6094379124341003,4.02535169073515,5.41610040220442,0.17410714285714285,0.07142857142857142,0.049107142857142856,0.04017857142857143,0.24553571428571427
JHARKHAND,GARHWA,3.9318256327243257,4.418840607796598,3.258096538021482,2.995732273553991,0.0,3.828641396489095,5.902633333401366,0.136986301369863,0.22465753424657534,0.0684931506849315,0.052054794520547946,0.1232876712328767
JHARKHAND,GIRIDIH,4.07753744390572,0.0,3.713572066704308,3.6888794541139363,0.0,5.176149732573829,6.220590170099739,0.11553784860557768,0.0,0.0796812749003984,0.07768924302788845,0.350597609561753
JHARKHAND,GODDA,3.5553480614894135,2.8903717578961645,1.3862943611198906,0.0,0.0,4.060443010546419,5.3471075307174685,0.16267942583732056,0.08133971291866028,0.014354066985645933,0.0,0.2727272727272727
JHARKHAND,GUMLA,4.219507705176107,3.713572066704308,0.6931471805599453,2.772588722239781,0.0,3.2188758248682006,5.75890177387728,0.2120253164556962,0.12658227848101267,0.0031645569620253164,0.04746835443037975,0.0759493670886076
JHARKHAND,HAZARIBAGH,3.970291913552122,3.295836866004329,3.1780538303479458,3.9318256327243257,0.0,3.6375861597263857,5.799092654460526,0.1580547112462006,0.0790273556231003,0.06990881458966565,0.1519756838905775,0.11246200607902736
JHARKHAND,JAMSHEDPUR,4.02535169073515,4.2626798770413155,2.6390573296152584,3.871201010907891,1.0986122886681098,4.709530201312334,6.333279628139691,0.09786476868327403,0.12455516014234876,0.023131672597864767,0.08362989323843416,0.19572953736654805
JHARKHAND,JAMSHEDPUR RAILWAY,0.0,1.3862943611198906,0.0,1.0986122886681098,0.0,0.0,2.5649493574615367,0.0,0.25,0.0,0.16666666666666666,0.0
JHARKHAND,JAMTARA,3.332204510175204,3.2188758248682006,2.3978952727983707,3.4011973816621555,0.0,4.2626798770413155,5.402677381872279,0.12217194570135746,0.1085972850678733,0.04524886877828054,0.13122171945701358,0.3167420814479638
JHARKHAND,KHUNTI,2.0794415416798357,2.1972245773362196,1.0986122886681098,1.3862943611198906,0.0,2.4849066497880004,4.3694478524670215,0.08974358974358974,0.10256410256410256,0.02564102564102564,0.038461538461538464,0.14102564102564102
JHARKHAND,KODERMA,2.772588722239781,2.772588722239781,2.833213344056216,0.0,0.0,3.6888794541139363,4.852030263919617,0.11811023622047244,0.11811023622047244,0.12598425196850394,0.0,0.30708661417322836
JHARKHAND,LATEHAR,3.258096538021482,2.4849066497880004,2.1972245773362196,0.0,0.0,2.8903717578961645,4.787491742782046,0.21008403361344538,0.09243697478991597,0.06722689075630252,0.0,0.14285714285714285
JHARKHAND,LOHARDAGGA,3.784189633918261,2.995732273553991,1.0986122886681098,1.791759469228055,0.0,3.2188758248682006,4.927253685157205,0.31386861313868614,0.1386861313868613,0.014598540145985401,0.0364963503649635,0.17518248175182483
JHARKHAND,PAKUR,4.02535169073515,2.4849066497880004,0.6931471805599453,2.5649493574615367,0.0,4.5217885770490405,5.579729825986222,0.20833333333333334,0.041666666666666664,0.003787878787878788,0.045454545454545456,0.3446969696969697
JHARKHAND,PALAMU,3.8066624897703196,3.1780538303479458,2.995732273553991,2.772588722239781,0.0,3.7612001156935624,5.267858159063328,0.22797927461139897,0.11917098445595854,0.09844559585492228,0.07772020725388601,0.21761658031088082
JHARKHAND,RAMGARH,3.8918202981106265,3.4011973816621555,2.4849066497880004,3.044522437723423,1.0986122886681098,3.5553480614894135,5.641907070938114,0.1708185053380783,0.10320284697508897,0.03914590747330961,0.0711743772241993,0.12099644128113879
JHARKHAND,RANCHI,4.330733340286331,4.343805421853684,2.6390573296152584,0.6931471805599453,1.0986122886681098,3.8918202981106265,5.62040086571715,0.2727272727272727,0.27636363636363637,0.04727272727272727,0.0036363636363636364,0.17454545454545456
JHARKHAND,SAHEBGANJ,4.477336814478207,3.713572066704308,1.6094379124341003,3.044522437723423,0.0,4.330733340286331,5.75890177387728,0.27531645569620256,0.12658227848101267,0.012658227848101266,0.06329113924050633,0.23734177215189872
JHARKHAND,SARAIKELA,3.4657359027997265,2.0794415416798357,2.0794415416798357,3.332204510175204,0.0,3.332204510175204,5.19295685089021,0.17318435754189945,0.03910614525139665,0.03910614525139665,0.15083798882681565,0.15083798882681565
JHARKHAND,SIMDEGA,3.2188758248682006,1.3862943611198906,0.6931471805599453,1.791759469228055,0.0,2.6390573296152584,4.394449154672439,0.3,0.0375,0.0125,0.0625,0.1625
KARNATAKA,BAGALKOT,3.1354942159291497,2.8903717578961645,1.6094379124341003,4.574710978503383,0.6931471805599453,3.9889840465642745,5.602118820879701,0.08148148148148149,0.06296296296296296,0.014814814814814815,0.35555555555555557,0.1962962962962963
KARNATAKA,BENGALURU CITY,4.653960350157523,6.428105272684596,4.060443010546419,6.523562306149512,4.060443010546419,6.19644412779452,8.489410810403786,0.0213903743315508,0.12710818593171536,0.011723570547099958,0.13986013986013987,0.10078157136980666
KARNATAKA,BENGALURU DISTRICT,4.110873864173311,4.248495242049359,3.1354942159291497,4.912654885736052,0.0,4.584967478670572,6.19644412779452,0.12244897959183673,0.14081632653061224,0.044897959183673466,0.2755102040816326,0.19795918367346937
KARNATAKA,BELAGAVI DISTRICT,4.0943445622221,3.1780538303479458,1.6094379124341003,5.455321115357702,1.6094379124341003,5.093750200806762,6.678342114654332,0.0743073047858942,0.028967254408060455,0.005037783375314861,0.29345088161209065,0.2040302267002519
KARNATAKA,BALLARI,3.8918202981106265,2.6390573296152584,2.5649493574615367,4.804021044733257,0.0,4.290459441148391,6.133398042996649,0.10434782608695652,0.02826086956521739,0.02608695652173913,0.26304347826086955,0.1565217391304348
KARNATAKA,BIDAR,3.5263605246161616,3.7612001156935624,2.3978952727983707,4.418840607796598,2.4849066497880004,4.672828834461906,6.023447592961033,0.08009708737864078,0.10194174757281553,0.024271844660194174,0.19902912621359223,0.25728155339805825
KARNATAKA,VIJAYAPURA,3.828641396489095,2.70805020110221,2.0794415416798357,4.852030263919617,0.0,4.812184355372417,6.016157159698354,0.1100244498777506,0.034229828850855744,0.017114914425427872,0.3105134474327628,0.2982885085574572
KARNATAKA,CHIKKABALLAPURA,3.6109179126442243,2.6390573296152584,2.3978952727983707,4.672828834461906,2.1972245773362196,3.295836866004329,5.713732805509369,0.11920529801324503,0.04304635761589404,0.033112582781456956,0.3509933774834437,0.08609271523178808
KARNATAKA,CHAMARAJNAGAR,2.4849066497880004,2.9444389791664403,1.791759469228055,4.532599493153256,0.6931471805599453,2.772588722239781,5.135798437050262,0.0650887573964497,0.10650887573964497,0.029585798816568046,0.5443786982248521,0.08875739644970414
KARNATAKA,CHIKKAMAGALURU,3.4339872044851463,2.1972245773362196,1.791759469228055,5.153291594497779,1.0986122886681098,4.709530201312334,6.129050210060545,0.06550218340611354,0.017467248908296942,0.010917030567685589,0.37554585152838427,0.24017467248908297
KARNATAKA,CHITRADURGA,3.2188758248682006,3.2188758248682006,2.8903717578961645,5.488937726156687,1.791759469228055,4.356708826689592,6.126869184114185,0.0525164113785558,0.0525164113785558,0.037199124726477024,0.5273522975929978,0.16849015317286653
KARNATAKA,DAKSHINA KANNADA,3.713572066704308,1.9459101490553132,0.6931471805599453,4.2626798770413155,1.6094379124341003,3.4965075614664802,5.272999558563747,0.20618556701030927,0.030927835051546393,0.005154639175257732,0.36082474226804123,0.16494845360824742
KARNATAKA,DAVANAGERE,3.713572066704308,3.9889840465642745,2.302585092994046,5.356586274672012,1.0986122886681098,4.477336814478207,6.345636360828596,0.070298769771529,0.09314586994727592,0.015817223198594025,0.37082601054481545,0.15289982425307558
KARNATAKA,DHARWAD,3.1780538303479458,1.9459101490553132,1.3862943611198906,3.4965075614664802,0.0,2.772588722239781,4.663439094112067,0.21904761904761905,0.05714285714285714,0.02857142857142857,0.3047619047619048,0.14285714285714285
KARNATAKA,GADAG,2.772588722239781,2.302585092994046,1.0986122886681098,3.4657359027997265,0.0,3.1354942159291497,4.6443908991413725,0.14563106796116504,0.08737864077669903,0.019417475728155338,0.30097087378640774,0.21359223300970873
KARNATAKA,KALABURGI,3.9889840465642745,3.6375861597263857,2.70805020110221,4.983606621708336,2.4849066497880004,4.852030263919617,6.413458957167357,0.08702791461412152,0.060755336617405585,0.022988505747126436,0.23809523809523808,0.20853858784893267
KARNATAKA,HASSAN,4.1588830833596715,3.784189633918261,2.4849066497880004,5.529429087511423,0.0,4.6443908991413725,6.336825731146441,0.11170212765957446,0.07624113475177305,0.01950354609929078,0.4450354609929078,0.18262411347517732
KARNATAKA,HAVERI,3.713572066704308,2.5649493574615367,2.3978952727983707,4.553876891600541,1.3862943611198906,3.8066624897703196,5.583496308781699,0.1509433962264151,0.045283018867924525,0.03773584905660377,0.35471698113207545,0.1660377358490566
KARNATAKA,HUBBALLI DHARWAD CITY,3.091042453358316,3.367295829986474,2.0794415416798357,3.4657359027997265,1.3862943611198906,3.6888794541139363,5.4510384535657,0.09051724137931035,0.1206896551724138,0.03017241379310345,0.1336206896551724,0.16810344827586207
KARNATAKA,K.G.F.,3.044522437723423,2.1972245773362196,0.6931471805599453,3.091042453358316,0.6931471805599453,2.70805020110221,4.6913478822291435,0.18518518518518517,0.07407407407407407,0.009259259259259259,0.19444444444444445,0.12962962962962962
KARNATAKA,KODAGU,3.258096538021482,1.9459101490553132,0.6931471805599453,4.110873864173311,1.791759469228055,3.713572066704308,5.117993812416755,0.15060240963855423,0.03614457831325301,0.006024096385542169,0.3614457831325301,0.24096385542168675
KARNATAKA,KOLAR,3.4965075614664802,1.9459101490553132,2.1972245773362196,4.219507705176107,0.0,3.091042453358316,5.181783550292085,0.1807909604519774,0.03389830508474576,0.04519774011299435,0.3785310734463277,0.11864406779661017
KARNATAKA,KOPPAL,3.367295829986474,3.4657359027997265,1.6094379124341003,3.5553480614894135,0.0,3.9318256327243257,5.170483995038151,0.16,0.17714285714285713,0.022857142857142857,0.19428571428571428,0.2857142857142857
KARNATAKA,MANDYA,3.6109179126442243,4.127134385045092,2.4849066497880004,5.631211781821365,2.5649493574615367,4.969813299576001,6.504288173536645,0.053973013493253376,0.09145427286356822,0.01649175412293853,0.41679160419790107,0.2143928035982009
KARNATAKA,MANGALURU CITY,3.258096538021482,2.3978952727983707,0.6931471805599453,4.290459441148391,1.0986122886681098,4.04305126783455,5.3612921657094255,0.1179245283018868,0.04716981132075472,0.0047169811320754715,0.33962264150943394,0.2641509433962264
KARNATAKA,MYSURU CITY,3.7376696182833684,3.1780538303479458,1.3862943611198906,4.477336814478207,1.6094379124341003,3.9512437185814275,6.054439346269371,0.09647058823529411,0.05411764705882353,0.007058823529411765,0.20470588235294118,0.12
KARNATAKA,MYSURU DISTRICT,3.7376696182833684,3.912023005428146,3.044522437723423,5.308267697401205,1.791759469228055,4.68213122712422,6.192362489474872,0.08401639344262295,0.10040983606557377,0.040983606557377046,0.41188524590163933,0.2192622950819672
KARNATAKA,RAICHUR,4.02535169073515,3.4339872044851463,1.791759469228055,5.293304824724492,1.6094379124341003,4.90527477843843,6.324358962381311,0.09874326750448834,0.05385996409335727,0.008976660682226212,0.35547576301615796,0.24057450628366248
KARNATAKA,K.RAILWAYS,0.6931471805599453,0.0,0.6931471805599453,2.302585092994046,0.0,1.0986122886681098,2.6390573296152584,0.07692307692307693,0.0,0.07692307692307693,0.6923076923076923,0.15384615384615385
KARNATAKA,RAMANAGAR,3.784189633918261,3.828641396489095,2.5649493574615367,4.962844630259907,0.0,4.110873864173311,6.073044534100405,0.09930715935334873,0.10392609699769054,0.02771362586605081,0.3279445727482679,0.13856812933025403
KARNATAKA,SHIMOGA,4.07753744390572,3.871201010907891,2.1972245773362196,6.003887067106539,2.0794415416798357,5.43372200355424,6.71901315438526,0.07013301088270858,0.056831922611850064,0.009673518742442563,0.48851269649334944,0.2756952841596131
KARNATAKA,TUMAKURU,3.6109179126442243,3.332204510175204,2.772588722239781,5.493061443340548,2.1972245773362196,4.477336814478207,6.35088571671474,0.06293706293706294,0.0472027972027972,0.026223776223776224,0.4230769230769231,0.1520979020979021
KARNATAKA,UDUPI,3.367295829986474,1.0986122886681098,1.3862943611198906,4.718498871295094,0.6931471805599453,4.060443010546419,5.680172609017068,0.0958904109589041,0.00684931506849315,0.010273972602739725,0.3801369863013699,0.1952054794520548
KARNATAKA,UTTARA KANNADA,3.258096538021482,3.1354942159291497,0.0,5.043425116919247,1.9459101490553132,4.04305126783455,5.786897381366708,0.07692307692307693,0.06769230769230769,0.0,0.47384615384615386,0.1723076923076923
KARNATAKA,YADGIRI,3.7376696182833684,3.091042453358316,1.0986122886681098,5.003946305945459,0.0,3.8918202981106265,5.707110264748875,0.13666666666666666,0.07,0.006666666666666667,0.49333333333333335,0.16
KARNATAKA,BELAGAVI CITY,3.1354942159291497,2.833213344056216,2.1972245773362196,4.454347296253507,1.3862943611198906,4.290459441148391,5.805134968916488,0.06646525679758308,0.04833836858006042,0.02416918429003021,0.256797583081571,0.2175226586102719
KERALA,ALAPUZHA,4.127134385045092,2.0794415416798357,0.0,5.5053315359323625,2.3978952727983707,5.568344503761097,6.448889394146858,0.09667194928684628,0.011093502377179081,0.0,0.38827258320126784,0.41362916006339145
KERALA,ERNAKULAM COMMR.,4.174387269895637,0.6931471805599453,0.0,5.0689042022202315,2.9444389791664403,5.117993812416755,6.447305862541213,0.10158730158730159,0.0015873015873015873,0.0,0.2507936507936508,0.2634920634920635
KERALA,ERNAKULAM RURAL,4.276666119016055,1.9459101490553132,0.0,5.41610040220442,3.6375861597263857,5.135798437050262,6.714170529909472,0.08626974483596597,0.007290400972053463,0.0,0.27217496962332927,0.20534629404617255
KERALA,IDUKKI,4.276666119016055,2.0794415416798357,1.0986122886681098,5.231108616854587,2.5649493574615367,5.081404364984463,6.180016653652572,0.14730290456431536,0.014522821576763486,0.004149377593360996,0.38589211618257263,0.33195020746887965
KERALA,KANNUR,4.0943445622221,1.9459101490553132,0.6931471805599453,5.407171771460119,2.3978952727983707,5.802118375377063,6.940222469119639,0.05717054263565891,0.005813953488372093,0.0009689922480620155,0.21511627906976744,0.31976744186046513
KERALA,KASARGOD,4.0943445622221,2.0794415416798357,0.0,4.820281565605037,1.6094379124341003,5.351858133476067,6.459904454377535,0.09247648902821316,0.0109717868338558,0.0,0.19278996865203762,0.329153605015674
KERALA,KOLLAM COMMR.,4.3694478524670215,2.1972245773362196,0.6931471805599453,5.662960480135946,2.6390573296152584,5.6937321388027,6.63200177739563,0.10290237467018469,0.010554089709762533,0.0013192612137203166,0.3786279683377309,0.39050131926121373
KERALA,KOLLAM RURAL,4.406719247264253,2.772588722239781,1.0986122886681098,5.484796933490655,2.0794415416798357,5.6240175061873385,6.493753839851686,0.12272727272727273,0.022727272727272728,0.0030303030303030303,0.36363636363636365,0.41818181818181815
KERALA,KOTTAYAM,4.330733340286331,2.302585092994046,0.0,5.3230099791384085,2.995732273553991,5.209486152841421,6.29156913955832,0.1391465677179963,0.016697588126159554,0.0,0.3784786641929499,0.33766233766233766
KERALA,KOZHIKODE COMMR.,3.58351893845611,1.0986122886681098,0.6931471805599453,4.68213122712422,2.302585092994046,5.220355825078324,6.386879319362645,0.05902192242833052,0.003372681281618887,0.0016863406408094434,0.18043844856661045,0.3102866779089376
KERALA,KOZHIKODE RURAL,3.970291913552122,2.0794415416798357,0.0,5.424950017481403,1.791759469228055,5.730099782973574,6.576469569048224,0.07252440725244072,0.009762900976290097,0.0,0.31520223152022314,0.4281729428172943
KERALA,MALAPPURAM,4.6443908991413725,1.3862943611198906,0.6931471805599453,5.849324779946859,2.3978952727983707,6.3818160174060985,7.2875606403097235,0.07049965776865161,0.002053388090349076,0.0006844626967830253,0.23682409308692676,0.40383299110198495
KERALA,PALAKKAD,4.48863636973214,2.70805020110221,2.0794415416798357,5.209486152841421,2.5649493574615367,6.111467339502679,6.849066282633458,0.09341825902335456,0.014861995753715499,0.0074309978768577496,0.1932059447983015,0.47770700636942676
KERALA,PATHANAMTHITTA,4.1588830833596715,2.4849066497880004,0.0,5.099866427824199,2.1972245773362196,4.77912349311153,6.226536669287466,0.12475247524752475,0.02178217821782178,0.0,0.3227722772277228,0.23366336633663368
KERALA,RAILWAYS,0.0,0.6931471805599453,0.0,4.31748811353631,2.3978952727983707,0.0,4.875197323201151,0.0,0.007692307692307693,0.0,0.5692307692307692,0.0
KERALA,THRISSUR COMMR.,3.6635616461296463,0.0,0.0,4.700480365792417,2.4849066497880004,4.875197323201151,6.359573868672378,0.0658578856152513,0.0,0.0,0.18890814558058924,0.22530329289428075
KERALA,THRISSUR RURAL,4.553876891600541,2.302585092994046,1.0986122886681098,5.700443573390687,3.1354942159291497,6.150602768446279,7.067319848653476,0.08020477815699659,0.007679180887372013,0.0017064846416382253,0.25426621160409557,0.3993174061433447
KERALA,TRIVANDRUM COMMR.,4.04305126783455,2.1972245773362196,1.0986122886681098,5.541263545158426,2.772588722239781,4.90527477843843,6.234410725718371,0.1100196463654224,0.015717092337917484,0.003929273084479371,0.49901768172888017,0.2632612966601179
KERALA,TRIVANDRUM RURAL,4.812184355372417,2.4849066497880004,1.9459101490553132,6.366470447731438,3.1354942159291497,5.961005339623274,7.147559271189454,0.09606299212598425,0.008661417322834646,0.004724409448818898,0.4574803149606299,0.3047244094488189
KERALA,WAYANADU,4.330733340286331,2.4849066497880004,0.0,4.90527477843843,1.3862943611198906,4.605170185988092,6.035481432524756,0.17985611510791366,0.026378896882494004,0.0,0.3213429256594724,0.23741007194244604
KERALA,CRIME BRANCH,1.0986122886681098,0.0,1.3862943611198906,1.6094379124341003,0.0,1.0986122886681098,3.6635616461296463,0.05263157894736842,0.0,0.07894736842105263,0.10526315789473684,0.05263157894736842
MADHYA PRADESH,AGAR,3.367295829986474,2.5649493574615367,1.0986122886681098,4.04305126783455,2.1972245773362196,3.8066624897703196,5.700443573390687,0.09395973154362416,0.040268456375838924,0.006711409395973154,0.18791946308724833,0.1476510067114094
MADHYA PRADESH,ALIRAJPUR,2.8903717578961645,2.772588722239781,0.0,2.772588722239781,0.0,2.3978952727983707,5.0369526024136295,0.1111111111111111,0.09803921568627451,0.0,0.09803921568627451,0.06535947712418301
MADHYA PRADESH,ANUPPUR,4.2626798770413155,4.430816798843313,2.0794415416798357,4.804021044733257,0.0,4.74493212836325,6.706862336602747,0.08567931456548347,0.10159118727050184,0.008567931456548347,0.1481028151774786,0.13953488372093023
MADHYA PRADESH,ASHOK NAGAR,4.343805421853684,3.6635616461296463,2.5649493574615367,5.147494476813453,0.6931471805599453,4.418840607796598,6.648984550024776,0.09857328145265888,0.04928664072632944,0.01556420233463035,0.22178988326848248,0.10635538261997406
MADHYA PRADESH,BALAGHAT,4.882801922586371,5.049856007249537,2.5649493574615367,5.187385805840755,1.3862943611198906,4.68213122712422,7.0630481633881725,0.11225364181662383,0.1328191945158526,0.010282776349614395,0.15252784918594686,0.09168808911739502
MADHYA PRADESH,BARWANI,4.23410650459726,3.1780538303479458,1.6094379124341003,4.532599493153256,1.6094379124341003,2.833213344056216,6.54534966033442,0.09784172661870504,0.033093525179856115,0.0057553956834532375,0.13237410071942446,0.02302158273381295
MADHYA PRADESH,BETUL,5.10594547390058,5.030437921392435,2.302585092994046,6.035481432524756,3.332204510175204,5.940171252720432,7.741533589281828,0.07127335940895263,0.06605823554976098,0.003911342894393742,0.18122555410691005,0.1647109952194698
MADHYA PRADESH,BHIND,4.3694478524670215,4.672828834461906,3.4339872044851463,4.962844630259907,0.0,4.465908118654584,6.220590170099739,0.1553784860557769,0.21115537848605578,0.05976095617529881,0.28286852589641437,0.17131474103585656
MADHYA PRADESH,BHOPAL,5.4116460518550396,5.68697535633982,3.044522437723423,5.840641657373398,2.9444389791664403,5.855071922202427,7.883069351305753,0.08411920030177292,0.11090154658619389,0.007544322897019992,0.12938513768389287,0.13127121840814787
MADHYA PRADESH,BHOPAL RAILWAY,1.3862943611198906,2.70805020110221,0.0,2.995732273553991,0.6931471805599453,1.6094379124341003,4.23410650459726,0.04411764705882353,0.20588235294117646,0.0,0.27941176470588236,0.058823529411764705
MADHYA PRADESH,BURHANPUR,3.8501476017100584,2.8903717578961645,1.791759469228055,4.51085950651685,1.791759469228055,3.8918202981106265,5.44673737166631,0.19913419913419914,0.0735930735930736,0.021645021645021644,0.38961038961038963,0.2077922077922078
MADHYA PRADESH,CHHATARPUR,4.3694478524670215,4.997212273764115,3.1354942159291497,5.4510384535657,0.0,4.31748811353631,6.846943139585379,0.08297872340425531,0.15638297872340426,0.023404255319148935,0.24680851063829787,0.07872340425531915
MADHYA PRADESH,CHHINDWARA,5.327876168789581,5.365976015021851,2.302585092994046,5.488937726156687,3.6109179126442243,5.225746673713202,7.392647520721623,0.12630930375847196,0.13123844731977818,0.005545286506469501,0.14849044978434997,0.11398644485520641
MADHYA PRADESH,DAMOH,3.8501476017100584,4.584967478670572,3.4657359027997265,4.927253685157205,0.0,4.23410650459726,6.536691597591305,0.06676342525399129,0.14078374455732948,0.04499274310595065,0.1988388969521045,0.09869375907111756
MADHYA PRADESH,DATIA,3.5553480614894135,3.9889840465642745,2.70805020110221,4.48863636973214,0.0,4.060443010546419,6.354370040797351,0.059233449477351915,0.09233449477351917,0.024390243902439025,0.15331010452961671,0.09930313588850175
MADHYA PRADESH,DEWAS,4.804021044733257,4.30406509320417,2.3978952727983707,5.37989735354046,2.0794415416798357,4.983606621708336,7.343426229147367,0.07831715210355987,0.04724919093851133,0.006472491909385114,0.13980582524271845,0.09385113268608414
MADHYA PRADESH,DHAR,4.9344739331306915,5.583496308781699,2.772588722239781,5.501258210544727,2.833213344056216,4.454347296253507,7.659171367666058,0.06512505899008966,0.12505899008966492,0.0070788107597923545,0.11514865502595564,0.04011326097215668
MADHYA PRADESH,DINDORI,4.5217885770490405,4.060443010546419,1.6094379124341003,5.093750200806762,1.0986122886681098,4.787491742782046,7.491645473605133,0.05078125,0.03180803571428571,0.002232142857142857,0.09040178571428571,0.06640625
MADHYA PRADESH,GUNA,4.820281565605037,4.543294782270004,2.5649493574615367,5.1298987149230735,2.1972245773362196,4.532599493153256,6.818924065275521,0.13457330415754923,0.10175054704595186,0.01312910284463895,0.1838074398249453,0.10065645514223195
MADHYA PRADESH,GWALIOR,5.0689042022202315,4.990432586778736,3.6109179126442243,5.8998973535824915,3.091042453358316,6.091309882077698,7.841099765422119,0.06215578284815106,0.057435090479937057,0.014162077104642014,0.14319433516915814,0.17348544453186468
MADHYA PRADESH,HARDA,3.871201010907891,4.23410650459726,1.791759469228055,4.418840607796598,1.0986122886681098,3.367295829986474,6.306275286948016,0.08592321755027423,0.12431444241316271,0.009140767824497258,0.14990859232175502,0.051188299817184646
MADHYA PRADESH,HOSHANGABAD,4.634728988229636,4.394449154672439,1.9459101490553132,5.214935757608986,2.5649493574615367,4.804021044733257,7.01301578963963,0.0918918918918919,0.07207207207207207,0.005405405405405406,0.16486486486486487,0.109009009009009
MADHYA PRADESH,INDORE,5.568344503761097,5.831882477283517,3.6375861597263857,6.021023349349527,3.5553480614894135,5.541263545158426,7.934513463882263,0.0935148692225009,0.12182013615191688,0.013256897169473307,0.14725904693658187,0.09100680759584379
MADHYA PRADESH,INDORE RAILWAY,1.6094379124341003,1.0986122886681098,0.0,2.302585092994046,0.0,0.0,2.8903717578961645,0.23529411764705882,0.11764705882352941,0.0,0.5294117647058824,0.0
MADHYA PRADESH,JABALPUR,5.272999558563747,5.720311776607412,3.5553480614894135,5.926926025970411,3.784189633918261,5.755742213586912,7.271703706887368,0.1349095966620306,0.2114047287899861,0.02364394993045897,0.26008344923504867,0.21905424200278165
MADHYA PRADESH,JABALPUR RAILWAY,1.6094379124341003,1.9459101490553132,0.0,3.091042453358316,1.0986122886681098,0.0,3.8066624897703196,0.09090909090909091,0.13636363636363635,0.0,0.4772727272727273,0.0
MADHYA PRADESH,JHABUA,3.970291913552122,4.477336814478207,0.0,4.59511985013459,0.0,3.1354942159291497,6.320768294250582,0.0936936936936937,0.15675675675675677,0.0,0.17657657657657658,0.03963963963963964
MADHYA PRADESH,KATNI,4.543294782270004,4.74493212836325,2.9444389791664403,5.187385805840755,1.6094379124341003,4.189654742026425,6.444131256700441,0.1480891719745223,0.18152866242038215,0.028662420382165606,0.28343949044585987,0.1035031847133758
MADHYA PRADESH,KHANDWA,4.442651256490317,4.624972813284271,1.9459101490553132,5.602118820879701,2.8903717578961645,4.6443908991413725,6.821107472256465,0.09170305676855896,0.11026200873362445,0.006550218340611353,0.29475982532751094,0.11244541484716157
MADHYA PRADESH,KHARGONE,4.77912349311153,4.762173934797756,3.784189633918261,5.5134287461649825,0.0,4.31748811353631,6.508769136971682,0.1761194029850746,0.17313432835820897,0.06417910447761194,0.3686567164179104,0.11044776119402985
MADHYA PRADESH,MANDLA,4.174387269895637,4.882801922586371,1.9459101490553132,4.605170185988092,0.6931471805599453,4.343805421853684,6.198478716492308,0.13034623217922606,0.2668024439918534,0.012219959266802444,0.20162932790224034,0.15478615071283094
MADHYA PRADESH,MANDSAUR,4.51085950651685,4.465908118654584,1.791759469228055,5.214935757608986,2.0794415416798357,5.198497031265826,7.233455418621439,0.06502890173410404,0.06213872832369942,0.0036127167630057803,0.13222543352601157,0.13005780346820808
MADHYA PRADESH,MORENA,3.784189633918261,4.454347296253507,3.4339872044851463,4.882801922586371,1.6094379124341003,5.262690188904886,6.912742820493176,0.04282868525896414,0.0846613545816733,0.029880478087649404,0.13047808764940239,0.19123505976095617
MADHYA PRADESH,NARSINGHPUR,4.736198448394496,3.9889840465642745,3.044522437723423,5.111987788356544,1.0986122886681098,4.983606621708336,6.82001636467413,0.12349726775956284,0.05792349726775956,0.02185792349726776,0.18032786885245902,0.15846994535519127
MADHYA PRADESH,NEEMUCH,3.871201010907891,3.332204510175204,1.3862943611198906,4.48863636973214,1.0986122886681098,3.784189633918261,6.401917196727186,0.07807308970099668,0.044850498338870434,0.0049833887043189366,0.1461794019933555,0.07142857142857142
MADHYA PRADESH,PANNA,3.7376696182833684,4.836281906951478,2.3978952727983707,4.442651256490317,0.0,3.6635616461296463,5.976350909297934,0.10432569974554708,0.31806615776081426,0.02544529262086514,0.21374045801526717,0.09669211195928754
MADHYA PRADESH,RAISEN,5.087596335232384,4.248495242049359,1.791759469228055,5.420534999272286,2.1972245773362196,4.343805421853684,6.911747300251674,0.16051844466600199,0.06879361914257229,0.004985044865403789,0.22432701894317048,0.07577268195413758
MADHYA PRADESH,RAJGARH,4.553876891600541,4.584967478670572,1.791759469228055,5.4638318050256105,2.0794415416798357,4.90527477843843,7.284134806195205,0.06456043956043957,0.06662087912087912,0.003434065934065934,0.1614010989010989,0.09203296703296704
MADHYA PRADESH,RATLAM,4.248495242049359,4.897839799950911,1.791759469228055,5.0238805208462765,2.5649493574615367,4.867534450455582,6.907755278982137,0.06906906906906907,0.13313313313313313,0.005005005005005005,0.15115115115115116,0.12912912912912913
MADHYA PRADESH,REWA,4.709530201312334,5.313205979041787,3.6109179126442243,5.135798437050262,0.6931471805599453,4.51085950651685,7.1316985104669115,0.088,0.1616,0.0288,0.1352,0.072
MADHYA PRADESH,SAGAR,4.844187086458591,5.14166355650266,3.58351893845611,6.0063531596017325,2.3978952727983707,5.170483995038151,7.528331766707247,0.06777837547068316,0.0914470145239376,0.018827326519634213,0.21785906401291016,0.09413663259817107
MADHYA PRADESH,SATNA,5.236441962829949,5.517452896464707,3.4339872044851463,5.541263545158426,3.2188758248682006,4.762173934797756,7.848933726364071,0.07298985167837627,0.09679937548790007,0.0117096018735363,0.09914129586260734,0.04527712724434036
MADHYA PRADESH,SEONI,4.430816798843313,4.804021044733257,2.302585092994046,4.927253685157205,1.3862943611198906,3.871201010907891,6.829793737512425,0.08982683982683982,0.13095238095238096,0.00974025974025974,0.14826839826839827,0.050865800865800864
MADHYA PRADESH,SHAHDOL,4.812184355372417,4.804021044733257,2.833213344056216,5.60947179518496,1.3862943611198906,5.820082930352362,7.310550158534422,0.08160535117056857,0.08093645484949832,0.010702341137123745,0.18193979933110369,0.22474916387959867
MADHYA PRADESH,SHAJAPUR,4.23410650459726,3.4657359027997265,2.0794415416798357,4.941642422609304,0.0,4.875197323201151,5.988961416889864,0.1708542713567839,0.07788944723618091,0.017587939698492462,0.3492462311557789,0.32663316582914576
MADHYA PRADESH,SHEOPUR,3.1780538303479458,3.1354942159291497,1.791759469228055,4.060443010546419,1.6094379124341003,3.6375861597263857,5.720311776607412,0.0756578947368421,0.07236842105263158,0.01644736842105263,0.1875,0.12171052631578948
MADHYA PRADESH,SHIVPURI,4.624972813284271,4.820281565605037,2.4849066497880004,5.598421958998375,1.6094379124341003,4.718498871295094,7.157735484249907,0.07872174590802807,0.09586905689789556,0.00857365549493375,0.20966484801247076,0.08651597817614964
MADHYA PRADESH,SIDHI,3.713572066704308,4.290459441148391,2.70805020110221,4.61512051684126,1.3862943611198906,4.23410650459726,6.974478911025045,0.03745318352059925,0.06741573033707865,0.013108614232209739,0.09363295880149813,0.06367041198501873
MADHYA PRADESH,SEHORE,4.8283137373023015,4.74493212836325,2.5649493574615367,5.093750200806762,1.9459101490553132,5.0689042022202315,6.895682697747868,0.12563323201621074,0.11550151975683891,0.0121580547112462,0.1641337386018237,0.160081053698075
MADHYA PRADESH,SINGRAULI,4.48863636973214,4.553876891600541,2.8903717578961645,4.584967478670572,0.6931471805599453,4.663439094112067,6.926577033222725,0.08644400785854617,0.09233791748526522,0.01669941060903733,0.09528487229862476,0.1031434184675835
MADHYA PRADESH,TIKAMGARH,4.532599493153256,4.189654742026425,2.772588722239781,4.897839799950911,1.9459101490553132,3.7612001156935624,6.580639137284949,0.12777777777777777,0.09027777777777778,0.020833333333333332,0.18472222222222223,0.058333333333333334
MADHYA PRADESH,UJJAIN,4.844187086458591,4.574710978503383,2.4849066497880004,5.645446897643238,3.4011973816621555,5.655991810819852,7.456454555176209,0.07283236994219654,0.055491329479768786,0.006358381502890174,0.1630057803468208,0.16473988439306358
MADHYA PRADESH,UMARIA,3.9512437185814275,3.7612001156935624,1.0986122886681098,4.653960350157523,1.3862943611198906,4.51085950651685,6.51025834052315,0.07600596125186289,0.06259314456035768,0.0029806259314456036,0.15499254843517138,0.13412816691505217
MADHYA PRADESH,VIDISHA,5.056245805348308,4.51085950651685,3.091042453358316,5.703782474656201,2.9444389791664403,5.093750200806762,7.298445101508147,0.10561949898442789,0.06093432633716994,0.014218009478672985,0.2024373730534868,0.10968178740690589
MADHYA PRADESH,CYBER CELL,0.0,0.0,0.0,0.0,0.0,0.0,0.0,0.0,0.0,0.0,0.0,0.0
MAHARASHTRA,AHMEDNAGAR,4.6443908991413725,4.454347296253507,2.6390573296152584,5.598421958998375,2.1972245773362196,5.579729825986222,7.02108396428914,0.09204647006255585,0.07596067917783736,0.01161751563896336,0.24039320822162646,0.2359249329758713
MAHARASHTRA,AKOLA,3.970291913552122,3.4965075614664802,1.791759469228055,5.393627546352362,3.044522437723423,4.919980925828125,6.595780513961311,0.07113543091655267,0.04377564979480164,0.006839945280437756,0.29958960328317374,0.18604651162790697
MAHARASHTRA,AMRAVATI COMMR.,3.332204510175204,3.2188758248682006,0.6931471805599453,4.890349128221754,2.5649493574615367,4.6913478822291435,6.951772164398911,0.02586206896551724,0.022988505747126436,0.0009578544061302681,0.12643678160919541,0.10344827586206896
MAHARASHTRA,AMRAVATI RURAL,4.6443908991413725,4.0943445622221,2.1972245773362196,6.030685260261263,2.8903717578961645,5.365976015021851,7.29641326877392,0.06987788331071913,0.04002713704206241,0.005427408412483039,0.28154681139755766,0.14450474898236093
MAHARASHTRA,AURANGABAD COMMR.,3.332204510175204,3.6635616461296463,1.0986122886681098,5.429345628954441,1.791759469228055,5.10594547390058,6.716594773520978,0.03272727272727273,0.04606060606060606,0.0024242424242424242,0.27515151515151515,0.1987878787878788
MAHARASHTRA,AURANGABAD RURAL,3.4657359027997265,3.258096538021482,2.0794415416798357,5.181783550292085,1.3862943611198906,5.389071729816501,6.517671272912275,0.04585798816568047,0.03698224852071006,0.010355029585798817,0.2618343195266272,0.3224852071005917
MAHARASHTRA,BEED,4.2626798770413155,3.912023005428146,1.3862943611198906,5.6131281063880705,0.6931471805599453,5.75890177387728,6.829793737512425,0.07575757575757576,0.05303030303030303,0.003246753246753247,0.29545454545454547,0.341991341991342
MAHARASHTRA,BHANDARA,3.367295829986474,2.9444389791664403,1.3862943611198906,4.30406509320417,2.70805020110221,3.713572066704308,6.253828811575473,0.05394990366088632,0.03468208092485549,0.005780346820809248,0.14065510597302505,0.07707129094412331
MAHARASHTRA,BULDHANA,4.060443010546419,3.5263605246161616,3.1354942159291497,5.537334267018537,3.6109179126442243,5.030437921392435,6.92951677076365,0.05582761998041136,0.03232125367286973,0.021547502448579822,0.24779627815866798,0.14887365328109697
MAHARASHTRA,CHANDRAPUR,4.605170185988092,3.6888794541139363,1.0986122886681098,5.41610040220442,3.367295829986474,5.318119993844216,6.878326468291325,0.10206185567010309,0.04020618556701031,0.002061855670103093,0.2309278350515464,0.20927835051546392
MAHARASHTRA,DHULE,3.58351893845611,3.713572066704308,2.4849066497880004,4.59511985013459,1.791759469228055,5.337538079701318,6.1224928095143865,0.07692307692307693,0.08791208791208792,0.024175824175824177,0.2153846153846154,0.45494505494505494
MAHARASHTRA,GADCHIROLI,3.1354942159291497,1.9459101490553132,0.0,3.4965075614664802,1.0986122886681098,2.833213344056216,5.093750200806762,0.13580246913580246,0.037037037037037035,0.0,0.19753086419753085,0.09876543209876543
MAHARASHTRA,GONDIA,4.07753744390572,2.995732273553991,1.9459101490553132,4.736198448394496,1.3862943611198906,3.8501476017100584,6.0112671744041615,0.14250614250614252,0.04668304668304668,0.014742014742014743,0.27764127764127766,0.11302211302211303
MAHARASHTRA,HINGOLI,3.2188758248682006,2.833213344056216,1.6094379124341003,4.394449154672439,0.0,4.430816798843313,5.932245187448011,0.06382978723404255,0.0425531914893617,0.010638297872340425,0.2127659574468085,0.22074468085106383
MAHARASHTRA,JALGAON,4.204692619390966,4.343805421853684,0.6931471805599453,5.8522024797744745,3.5553480614894135,5.926926025970411,7.3727463664043285,0.041483343808925204,0.04776869893148963,0.0006285355122564425,0.21810182275298554,0.2350722815839095
MAHARASHTRA,JALNA,3.5263605246161616,3.4657359027997265,2.6390573296152584,5.225746673713202,2.1972245773362196,5.66988092298052,6.51471269087253,0.04896142433234421,0.04599406528189911,0.019287833827893175,0.2744807121661721,0.4287833827893175
MAHARASHTRA,KOLHAPUR,4.442651256490317,3.871201010907891,2.1972245773362196,5.176149732573829,2.0794415416798357,5.017279836814924,6.75343791859778,0.09813084112149532,0.054906542056074766,0.009345794392523364,0.205607476635514,0.17523364485981308
MAHARASHTRA,LATUR,4.060443010546419,4.442651256490317,1.6094379124341003,5.1647859739235145,1.0986122886681098,5.780743515792329,6.612041034833092,0.07671601615074024,0.11305518169582772,0.005383580080753701,0.23418573351278602,0.4347240915208614
MAHARASHTRA,MUMBAI COMMR.,6.410174881966167,5.638354669333745,3.1354942159291497,7.394493107219038,5.8971538676367405,6.335054251498059,9.0173622349937,0.07362930616205725,0.033964095099466275,0.002668607472100922,0.19723435225618632,0.06829209121785541
MAHARASHTRA,MUMBAI RAILWAY,0.6931471805599453,2.3978952727983707,0.0,4.02535169073515,1.6094379124341003,0.0,6.858565034791365,0.0010515247108307045,0.010515247108307046,0.0,0.05783385909568875,0.0
MAHARASHTRA,NAGPUR COMMR.,4.736198448394496,4.499809670330265,2.3978952727983707,5.634789603169249,3.258096538021482,5.459585514144159,7.530479995245536,0.06065485775630703,0.04777241009125067,0.005367686527106817,0.1497584541062802,0.12560386473429952
MAHARASHTRA,NAGPUR RAILWAY,1.3862943611198906,1.0986122886681098,0.0,3.044522437723423,0.0,0.0,4.74493212836325,0.02631578947368421,0.017543859649122806,0.0,0.17543859649122806,0.0
MAHARASHTRA,NAGPUR RURAL,4.189654742026425,3.5553480614894135,1.6094379124341003,5.236441962829949,3.258096538021482,4.454347296253507,6.616065185132817,0.0871313672922252,0.045576407506702415,0.005361930294906166,0.25067024128686327,0.11394101876675604
MAHARASHTRA,NANDED,3.784189633918261,3.9889840465642745,1.9459101490553132,4.997212273764115,1.3862943611198906,5.198497031265826,6.493753839851686,0.06515151515151515,0.0803030303030303,0.00909090909090909,0.22272727272727272,0.2727272727272727
MAHARASHTRA,NANDURBAR,3.258096538021482,2.8903717578961645,1.0986122886681098,3.6109179126442243,1.6094379124341003,3.871201010907891,5.220355825078324,0.1358695652173913,0.09239130434782608,0.010869565217391304,0.1956521739130435,0.2554347826086957
MAHARASHTRA,NASIK COMMR.,3.367295829986474,3.5263605246161616,1.3862943611198906,4.624972813284271,1.3862943611198906,5.303304908059076,6.669498089857879,0.035578144853875476,0.04193138500635324,0.0038119440914866584,0.12833545108005082,0.25412960609911056
MAHARASHTRA,NASIK RURAL,4.477336814478207,4.454347296253507,2.8903717578961645,5.41610040220442,1.791759469228055,5.950642552587727,7.0967213784947605,0.07207953603976802,0.07042253521126761,0.014084507042253521,0.1855840927920464,0.31731565865782935
MAHARASHTRA,NAVI MUMBAI,4.48863636973214,4.1588830833596715,1.9459101490553132,5.0689042022202315,3.912023005428146,4.882801922586371,7.173958319756794,0.06748466257668712,0.04831288343558282,0.004601226993865031,0.12116564417177914,0.1004601226993865
MAHARASHTRA,OSMANABAD,3.784189633918261,3.091042453358316,1.791759469228055,4.844187086458591,1.791759469228055,4.770684624465665,5.926926025970411,0.11497326203208556,0.05614973262032086,0.013368983957219251,0.33689839572192515,0.31283422459893045
MAHARASHTRA,PALGHAR,4.59511985013459,4.189654742026425,0.6931471805599453,5.214935757608986,3.1354942159291497,4.30406509320417,6.448889394146858,0.15530903328050713,0.10301109350237718,0.001584786053882726,0.2900158478605388,0.11568938193343899
MAHARASHTRA,PARBHANI,3.6635616461296463,3.332204510175204,1.791759469228055,4.948759890378168,1.0986122886681098,5.529429087511423,6.739336627357174,0.045023696682464455,0.031990521327014215,0.005924170616113744,0.16587677725118483,0.29739336492890994
MAHARASHTRA,PUNE COMMR.,5.247024072160486,4.8283137373023015,3.044522437723423,6.12029741895095,4.59511985013459,5.971261839790462,8.15162164696975,0.054498269896193774,0.03575547866205306,0.0057670126874279125,0.1309111880046136,0.11274509803921569
MAHARASHTRA,PUNE RAILWAY,1.0986122886681098,1.0986122886681098,0.6931471805599453,1.791759469228055,0.0,0.0,5.4680601411351315,0.00847457627118644,0.00847457627118644,0.00423728813559322,0.0211864406779661,0.0
MAHARASHTRA,PUNE RURAL,4.997212273764115,4.634728988229636,2.6390573296152584,5.877735781779639,3.8918202981106265,5.393627546352362,7.463936604468925,0.08433734939759036,0.058519793459552494,0.007458405048766495,0.204245553643144,0.12564543889845095
MAHARASHTRA,RAIGAD,3.871201010907891,3.332204510175204,1.0986122886681098,4.605170185988092,2.772588722239781,4.007333185232471,6.293419278846481,0.08703703703703704,0.05,0.003703703703703704,0.18333333333333332,0.1
MAHARASHTRA,RATNAGIRI,3.5553480614894135,2.1972245773362196,0.0,4.0943445622221,2.3978952727983707,3.295836866004329,5.579729825986222,0.12878787878787878,0.030303030303030304,0.0,0.22348484848484848,0.09848484848484848
MAHARASHTRA,SANGLI,4.204692619390966,3.8918202981106265,1.9459101490553132,5.062595033026967,1.791759469228055,4.6913478822291435,6.343880434126331,0.11619718309859155,0.08450704225352113,0.01056338028169014,0.2764084507042254,0.19014084507042253
MAHARASHTRA,SATARA,4.584967478670572,4.248495242049359,1.6094379124341003,5.488937726156687,2.5649493574615367,5.241747015059643,6.85751406254539,0.10210526315789474,0.07263157894736842,0.004210526315789474,0.2536842105263158,0.19789473684210526
MAHARASHTRA,SINDHUDURG,2.5649493574615367,2.1972245773362196,0.0,3.7612001156935624,2.0794415416798357,1.6094379124341003,5.198497031265826,0.06666666666666667,0.044444444444444446,0.0,0.23333333333333334,0.022222222222222223
MAHARASHTRA,SOLAPUR COMMR.,3.6888794541139363,3.4339872044851463,1.3862943611198906,3.970291913552122,2.0794415416798357,3.970291913552122,6.021023349349527,0.0948905109489051,0.072992700729927,0.0072992700729927005,0.12652068126520682,0.12652068126520682
MAHARASHTRA,SOLAPUR RURAL,4.584967478670572,4.290459441148391,1.0986122886681098,5.429345628954441,3.1780538303479458,4.812184355372417,6.590301048196686,0.13342503438789546,0.09903713892709766,0.002751031636863824,0.312242090784044,0.16781292984869325
MAHARASHTRA,THANE COMMR.,5.375278407684165,5.5093883366279774,2.6390573296152584,6.327936783729195,4.30406509320417,5.863631175598097,8.143226750367445,0.06251817388775807,0.0715324222157604,0.003780168653678395,0.16254725210817098,0.10206455364931666
MAHARASHTRA,THANE RURAL,4.330733340286331,3.6109179126442243,1.3862943611198906,5.111987788356544,3.6888794541139363,4.6443908991413725,6.912742820493176,0.07470119521912351,0.035856573705179286,0.00298804780876494,0.1643426294820717,0.10258964143426295
MAHARASHTRA,WARDHA,4.143134726391533,3.367295829986474,0.6931471805599453,5.262690188904886,2.1972245773362196,4.59511985013459,6.284134161070802,0.11588785046728972,0.052336448598130844,0.001869158878504673,0.35887850467289717,0.18317757009345795
MAHARASHTRA,WASHIM,3.5263605246161616,3.1354942159291497,1.791759469228055,5.187385805840755,2.4849066497880004,4.736198448394496,6.375024819828097,0.05631399317406143,0.03754266211604096,0.008532423208191127,0.3037542662116041,0.19283276450511946
MAHARASHTRA,YAVATMAL,4.6913478822291435,4.912654885736052,2.5649493574615367,6.1463292576688975,6.22455842927536,5.71042701737487,7.621195162809845,0.052941176470588235,0.0661764705882353,0.0058823529411764705,0.2284313725490196,0.14754901960784314
MANIPUR,BISHNUPUR,2.302585092994046,2.1972245773362196,0.0,1.9459101490553132,0.0,1.3862943611198906,3.713572066704308,0.225,0.2,0.0,0.15,0.075
MANIPUR,CHANDEL,0.0,0.0,0.0,0.6931471805599453,0.0,0.0,0.6931471805599453,0.0,0.0,0.0,1.0,0.0
MANIPUR,CHURACHANDPUR,1.791759469228055,1.3862943611198906,0.0,1.3862943611198906,0.0,0.0,2.772588722239781,0.3333333333333333,0.2,0.0,0.2,0.0
MANIPUR,C. I. D.,0.0,0.0,0.0,0.0,0.0,0.0,0.0,0.0,0.0,0.0,0.0,0.0
MANIPUR,IMPHAL EAST,3.044522437723423,2.8903717578961645,0.6931471805599453,2.0794415416798357,0.0,2.1972245773362196,4.04305126783455,0.35714285714285715,0.30357142857142855,0.017857142857142856,0.125,0.14285714285714285
MANIPUR,IMPHAL WEST,3.044522437723423,3.6109179126442243,0.0,3.8066624897703196,0.0,2.70805020110221,4.867534450455582,0.15503875968992248,0.27906976744186046,0.0,0.34108527131782945,0.10852713178294573
MANIPUR,SENAPATI,0.6931471805599453,0.6931471805599453,0.0,1.0986122886681098,0.0,0.0,1.6094379124341003,0.25,0.25,0.0,0.5,0.0
MANIPUR,TAMENGLONG,0.0,1.6094379124341003,0.0,0.0,0.0,0.0,2.0794415416798357,0.0,0.5714285714285714,0.0,0.0,0.0
MANIPUR,THOUBAL,2.995732273553991,3.9512437185814275,0.0,3.58351893845611,0.0,2.833213344056216,5.170483995038151,0.10857142857142857,0.2914285714285714,0.0,0.2,0.09142857142857143
MANIPUR,UKHRUL,0.6931471805599453,0.6931471805599453,0.0,0.0,0.0,0.0,1.0986122886681098,0.5,0.5,0.0,0.0,0.0
MEGHALAYA,GARO HILLS EAST,1.3862943611198906,0.0,0.0,1.3862943611198906,0.6931471805599453,0.0,2.0794415416798357,0.42857142857142855,0.0,0.0,0.42857142857142855,0.0
MEGHALAYA,GARO HILLS NORTH,1.3862943611198906,2.1972245773362196,0.0,2.1972245773362196,0.0,0.6931471805599453,3.295836866004329,0.11538461538461539,0.3076923076923077,0.0,0.3076923076923077,0.038461538461538464
MEGHALAYA,GARO HILLS SOUTH,1.3862943611198906,1.6094379124341003,0.0,1.3862943611198906,0.0,1.3862943611198906,2.70805020110221,0.21428571428571427,0.2857142857142857,0.0,0.21428571428571427,0.21428571428571427
MEGHALAYA,GARO HILLS SOUTH WEST,1.6094379124341003,0.6931471805599453,0.0,2.1972245773362196,0.6931471805599453,0.6931471805599453,2.8903717578961645,0.23529411764705882,0.058823529411764705,0.0,0.47058823529411764,0.058823529411764705
MEGHALAYA,GARO HILLS WEST,2.4849066497880004,2.302585092994046,0.0,2.4849066497880004,2.0794415416798357,2.3978952727983707,4.442651256490317,0.13095238095238096,0.10714285714285714,0.0,0.13095238095238096,0.11904761904761904
MEGHALAYA,JAINTIA HILLS WEST,2.3978952727983707,1.0986122886681098,0.0,1.791759469228055,1.3862943611198906,0.6931471805599453,3.1354942159291497,0.45454545454545453,0.09090909090909091,0.0,0.22727272727272727,0.045454545454545456
MEGHALAYA,JAINTIA HILLS EAST,2.4849066497880004,0.0,0.0,2.0794415416798357,0.0,0.0,3.332204510175204,0.4074074074074074,0.0,0.0,0.25925925925925924,0.0
MEGHALAYA,KHASI HILLS EAST,2.70805020110221,2.0794415416798357,0.0,3.828641396489095,3.58351893845611,3.295836866004329,5.159055299214529,0.08092485549132948,0.04046242774566474,0.0,0.26011560693641617,0.15028901734104047
MEGHALAYA,KHASI HILLS SOUTH WEST,2.5649493574615367,0.0,0.6931471805599453,0.0,2.0794415416798357,0.0,3.1354942159291497,0.5454545454545454,0.0,0.045454545454545456,0.0,0.0
MEGHALAYA,KHASI HILLS WEST,2.995732273553991,0.6931471805599453,0.0,1.6094379124341003,0.0,0.0,3.4657359027997265,0.6129032258064516,0.03225806451612903,0.0,0.12903225806451613,0.0
MEGHALAYA,RI-BHOI,3.367295829986474,1.9459101490553132,0.0,2.4849066497880004,0.0,0.0,4.060443010546419,0.49122807017543857,0.10526315789473684,0.0,0.19298245614035087,0.0
MIZORAM,AIZAWL,3.6888794541139363,0.6931471805599453,0.0,4.07753744390572,0.0,1.791759469228055,4.736198448394496,0.34513274336283184,0.008849557522123894,0.0,0.5132743362831859,0.04424778761061947
MIZORAM,CHAMPHAI,3.1354942159291497,0.6931471805599453,0.0,0.0,3.4011973816621555,0.0,3.970291913552122,0.4230769230769231,0.019230769230769232,0.0,0.0,0.0
MIZORAM,KOLASIB,2.3978952727983707,0.6931471805599453,0.0,2.3978952727983707,0.0,0.6931471805599453,3.2188758248682006,0.4166666666666667,0.041666666666666664,0.0,0.4166666666666667,0.041666666666666664
MIZORAM,LAWNGTLAI,2.302585092994046,0.0,0.0,1.791759469228055,0.0,0.0,2.70805020110221,0.6428571428571429,0.0,0.0,0.35714285714285715,0.0
MIZORAM,LUNGLEI,2.70805020110221,0.0,0.0,2.6390573296152584,0.0,0.0,3.4657359027997265,0.45161290322580644,0.0,0.0,0.41935483870967744,0.0
MIZORAM,MAMIT,2.3978952727983707,0.0,0.0,1.9459101490553132,0.0,1.0986122886681098,3.295836866004329,0.38461538461538464,0.0,0.0,0.23076923076923078,0.07692307692307693
MIZORAM,SAIHA,1.6094379124341003,0.0,0.0,1.0986122886681098,0.0,0.0,2.1972245773362196,0.5,0.0,0.0,0.25,0.0
MIZORAM,SERCHHIP,2.5649493574615367,0.0,0.0,1.3862943611198906,0.0,0.0,2.8903717578961645,0.7058823529411765,0.0,0.0,0.17647058823529413,0.0
MIZORAM,SPL TRAFFIC,0.0,0.0,0.0,0.0,0.0,0.0,0.0,0.0,0.0,0.0,0.0,0.0
NAGALAND,DIMAPUR,2.5649493574615367,2.1972245773362196,0.0,2.3978952727983707,0.6931471805599453,1.3862943611198906,3.828641396489095,0.26666666666666666,0.17777777777777778,0.0,0.2222222222222222,0.06666666666666667
NAGALAND,KIPHIRE,0.6931471805599453,0.0,0.0,0.0,0.0,0.0,0.6931471805599453,1.0,0.0,0.0,0.0,0.0
NAGALAND,KOHIMA,2.302585092994046,1.3862943611198906,0.0,0.0,0.0,0.0,2.5649493574615367,0.75,0.25,0.0,0.0,0.0
NAGALAND,LONGLENG,0.6931471805599453,0.0,0.0,0.0,0.0,0.0,0.6931471805599453,1.0,0.0,0.0,0.0,0.0
NAGALAND,MOKOKCHUNG,0.6931471805599453,0.6931471805599453,0.0,1.0986122886681098,0.0,0.0,1.791759469228055,0.2,0.2,0.0,0.4,0.0
NAGALAND,MON,0.6931471805599453,0.0,0.0,0.0,0.0,0.0,0.6931471805599453,1.0,0.0,0.0,0.0,0.0
NAGALAND,PEREN,0.0,0.0,0.0,0.6931471805599453,0.0,0.0,1.0986122886681098,0.0,0.0,0.0,0.5,0.0
NAGALAND,PHEK,0.6931471805599453,0.0,0.0,1.3862943611198906,0.0,0.0,1.6094379124341003,0.25,0.0,0.0,0.75,0.0
NAGALAND,TUENSANG,0.6931471805599453,0.6931471805599453,0.0,0.0,0.0,0.0,1.0986122886681098,0.5,0.5,0.0,0.0,0.0
NAGALAND,WOKHA,0.0,0.0,0.0,0.0,0.0,0.0,0.0,0.0,0.0,0.0,0.0,0.0
NAGALAND,ZUNHEBOTO,1.3862943611198906,0.0,0.0,0.0,0.0,0.0,1.3862943611198906,1.0,0.0,0.0,0.0,0.0
ODISHA,ANGUL,3.8066624897703196,4.204692619390966,1.6094379124341003,4.990432586778736,2.1972245773362196,3.4339872044851463,5.958424693029782,0.11398963730569948,0.17098445595854922,0.010362694300518135,0.37823834196891193,0.07772020725388601
ODISHA,BALASORE,4.709530201312334,5.209486152841421,1.0986122886681098,6.340359303727752,3.295836866004329,5.942799375126701,7.253470382684528,0.07790368271954674,0.12889518413597734,0.00141643059490085,0.40084985835694054,0.26912181303116145
ODISHA,BARAGARH,4.04305126783455,3.7376696182833684,2.0794415416798357,4.74493212836325,2.302585092994046,4.394449154672439,6.093569770045136,0.12669683257918551,0.09276018099547512,0.01583710407239819,0.2579185520361991,0.18099547511312217
ODISHA,BERHAMPUR,3.4339872044851463,3.6109179126442243,0.0,5.093750200806762,3.2188758248682006,4.77912349311153,6.113682179832232,0.06651884700665188,0.07982261640798226,0.0,0.35920177383592017,0.2616407982261641
ODISHA,BHADRAK,4.1588830833596715,4.59511985013459,3.2188758248682006,5.187385805840755,1.791759469228055,5.1298987149230735,6.3578422665081,0.109375,0.1701388888888889,0.041666666666666664,0.3090277777777778,0.2916666666666667
ODISHA,BOLANGIR,4.04305126783455,4.672828834461906,2.995732273553991,5.356586274672012,2.3978952727983707,3.871201010907891,6.202535517187923,0.11359026369168357,0.2150101419878296,0.038539553752535496,0.4279918864097363,0.09533468559837728
ODISHA,BOUDH,3.2188758248682006,3.4339872044851463,1.0986122886681098,4.23410650459726,1.3862943611198906,2.70805020110221,5.170483995038151,0.13714285714285715,0.17142857142857143,0.011428571428571429,0.38857142857142857,0.08
ODISHA,CUTTACK,4.07753744390572,4.454347296253507,3.332204510175204,3.4011973816621555,2.302585092994046,3.367295829986474,6.315358001522335,0.10507246376811594,0.1539855072463768,0.04891304347826087,0.05253623188405797,0.050724637681159424
ODISHA,DCP BBSR,4.290459441148391,4.6443908991413725,3.332204510175204,3.9889840465642745,2.5649493574615367,4.653960350157523,6.386879319362645,0.12141652613827993,0.1736930860033727,0.045531197301854974,0.0893760539629005,0.17537942664418213
ODISHA,DCP CTC,4.204692619390966,4.787491742782046,3.091042453358316,4.418840607796598,1.791759469228055,5.049856007249537,6.317164686747284,0.11934900542495479,0.21518987341772153,0.0379746835443038,0.14828209764918626,0.28028933092224234
ODISHA,DEOGARH,3.4965075614664802,2.70805020110221,0.6931471805599453,3.8501476017100584,0.6931471805599453,3.1780538303479458,5.198497031265826,0.17777777777777778,0.07777777777777778,0.005555555555555556,0.25555555555555554,0.12777777777777777
ODISHA,DHENKANAL,3.784189633918261,4.0943445622221,2.4849066497880004,5.963579343618446,3.367295829986474,3.828641396489095,6.61338421837956,0.05779569892473118,0.0793010752688172,0.01478494623655914,0.521505376344086,0.06048387096774194
ODISHA,GAJAPATI,2.995732273553991,2.833213344056216,1.3862943611198906,4.442651256490317,1.6094379124341003,2.302585092994046,5.176149732573829,0.10795454545454546,0.09090909090909091,0.017045454545454544,0.4772727272727273,0.05113636363636364
ODISHA,GANJAM,4.454347296253507,4.584967478670572,2.6390573296152584,6.018593214496234,3.9318256327243257,4.382026634673881,6.862757913051401,0.08900523560209424,0.10157068062827225,0.013612565445026177,0.4293193717277487,0.08272251308900523
ODISHA,JAGATSINGHPUR,3.6375861597263857,4.23410650459726,3.295836866004329,5.342334251964811,1.6094379124341003,4.787491742782046,6.481577129276431,0.05674846625766871,0.10429447852760736,0.03987730061349693,0.31901840490797545,0.18251533742331288
ODISHA,JAJPUR,4.30406509320417,4.762173934797756,3.912023005428146,5.476463551931511,2.833213344056216,3.970291913552122,6.863803391452954,0.07635983263598327,0.12133891213389121,0.051255230125523014,0.2489539748953975,0.05439330543933055
ODISHA,JHARSUGUDA,3.7612001156935624,3.091042453358316,2.302585092994046,4.6913478822291435,1.6094379124341003,3.9512437185814275,5.583496308781699,0.15849056603773584,0.07924528301886792,0.033962264150943396,0.4075471698113208,0.19245283018867926
ODISHA,KALAHANDI,4.624972813284271,5.043425116919247,2.5649493574615367,5.375278407684165,2.70805020110221,4.836281906951478,6.452048954437226,0.15955766192733017,0.24328593996840442,0.018957345971563982,0.33965244865718797,0.19747235387045814
ODISHA,KANDHAMAL,4.007333185232471,3.4965075614664802,1.6094379124341003,4.804021044733257,2.302585092994046,3.58351893845611,5.645446897643238,0.19148936170212766,0.11347517730496454,0.014184397163120567,0.42907801418439717,0.12411347517730496
ODISHA,KENDRAPARA,3.8918202981106265,4.406719247264253,3.4965075614664802,5.043425116919247,2.995732273553991,5.384495062789089,6.42648845745769,0.07779578606158834,0.1312803889789303,0.05186385737439222,0.24959481361426256,0.35170178282009723
ODISHA,KEONJHAR,4.6443908991413725,4.394449154672439,2.4849066497880004,5.683579767338681,2.70805020110221,4.189654742026425,6.648984550024776,0.13359273670557717,0.10376134889753567,0.014267185473411154,0.38002594033722437,0.08430609597924774
ODISHA,KHURDA,3.6888794541139363,4.31748811353631,3.1354942159291497,4.6443908991413725,3.091042453358316,3.6375861597263857,5.918893854273146,0.10512129380053908,0.19946091644204852,0.05929919137466307,0.2776280323450135,0.09973045822102426
ODISHA,KORAPUT,4.553876891600541,4.248495242049359,1.6094379124341003,5.030437921392435,1.791759469228055,3.8501476017100584,6.2324480165505225,0.18503937007874016,0.13582677165354332,0.007874015748031496,0.2992125984251969,0.09055118110236221
ODISHA,MALKANGIRI,2.995732273553991,2.4849066497880004,1.6094379124341003,3.4011973816621555,1.791759469228055,2.833213344056216,4.605170185988092,0.1919191919191919,0.1111111111111111,0.04040404040404041,0.29292929292929293,0.16161616161616163
ODISHA,MAYURBHANJ,4.941642422609304,4.844187086458591,3.4965075614664802,5.783825182329737,3.091042453358316,5.602118820879701,6.96979066990159,0.13076199435559738,0.11853245531514581,0.030103480714957668,0.3047977422389464,0.2539981185324553
ODISHA,NAYAGARH,3.1780538303479458,3.5263605246161616,2.0794415416798357,3.6375861597263857,1.0986122886681098,3.1780538303479458,6.380122536899765,0.03904923599320883,0.05602716468590832,0.011884550084889643,0.06281833616298811,0.03904923599320883
ODISHA,NABARANGPUR,4.30406509320417,4.584967478670572,0.6931471805599453,5.272999558563747,2.5649493574615367,4.543294782270004,6.280395838960195,0.13696060037523453,0.18198874296435272,0.001876172607879925,0.36397748592870544,0.17448405253283303
ODISHA,NUAPADA,3.295836866004329,3.7612001156935624,1.791759469228055,4.919980925828125,1.6094379124341003,4.5217885770490405,5.834810737062605,0.07624633431085044,0.12316715542521994,0.01466275659824047,0.39882697947214074,0.2668621700879765
ODISHA,PURI,4.23410650459726,4.820281565605037,3.4965075614664802,5.0238805208462765,2.0794415416798357,5.176149732573829,6.9726062513017535,0.06378986866791744,0.11538461538461539,0.0300187617260788,0.14165103189493433,0.1651031894934334
ODISHA,RAYAGADA,4.0943445622221,4.174387269895637,0.0,4.634728988229636,1.791759469228055,4.804021044733257,5.948034989180646,0.1544502617801047,0.16753926701570682,0.0,0.2670157068062827,0.31675392670157065
ODISHA,ROURKELA,4.30406509320417,4.219507705176107,1.6094379124341003,5.1647859739235145,2.4849066497880004,4.941642422609304,6.39024066706535,0.1226890756302521,0.11260504201680673,0.0067226890756302525,0.292436974789916,0.23361344537815126
ODISHA,SAMBALPUR,4.406719247264253,4.1588830833596715,2.3978952727983707,4.6913478822291435,2.302585092994046,3.8066624897703196,6.075346031088684,0.18663594470046083,0.14516129032258066,0.02304147465437788,0.2488479262672811,0.10138248847926268
ODISHA,SONEPUR,2.9444389791664403,3.1780538303479458,1.6094379124341003,3.8501476017100584,0.0,3.4011973816621555,4.844187086458591,0.14285714285714285,0.18253968253968253,0.031746031746031744,0.36507936507936506,0.23015873015873015
ODISHA,SRP (CUTTACK),0.0,1.0986122886681098,0.0,2.302585092994046,0.6931471805599453,0.6931471805599453,3.1780538303479458,0.0,0.08695652173913043,0.0,0.391304347826087,0.043478260869565216
ODISHA,SRP (ROURKELA),0.6931471805599453,1.3862943611198906,0.0,2.3978952727983707,0.6931471805599453,0.0,2.8903717578961645,0.058823529411764705,0.17647058823529413,0.0,0.5882352941176471,0.0
ODISHA,SUNDARGARH,3.912023005428146,3.58351893845611,2.5649493574615367,4.553876891600541,0.6931471805599453,4.442651256490317,6.317164686747284,0.08860759493670886,0.06329113924050633,0.0216998191681736,0.16998191681735986,0.1518987341772152
PUNJAB,AMRITSAR RURAL,3.4657359027997265,4.430816798843313,1.9459101490553132,4.3694478524670215,0.0,3.9889840465642745,5.777652323222656,0.09627329192546584,0.2577639751552795,0.018633540372670808,0.2422360248447205,0.16459627329192547
PUNJAB,BARNALA,3.4657359027997265,3.258096538021482,0.0,2.8903717578961645,0.0,3.332204510175204,4.787491742782046,0.2605042016806723,0.21008403361344538,0.0,0.14285714285714285,0.226890756302521
PUNJAB,BATALA,3.4339872044851463,3.5553480614894135,1.3862943611198906,3.6109179126442243,0.0,3.6375861597263857,5.030437921392435,0.19736842105263158,0.2236842105263158,0.019736842105263157,0.23684210526315788,0.24342105263157895
PUNJAB,BATHINDA,4.04305126783455,3.912023005428146,1.791759469228055,4.356708826689592,0.0,4.31748811353631,5.703782474656201,0.18729096989966554,0.16387959866220736,0.016722408026755852,0.25752508361204013,0.24749163879598662
PUNJAB,CP AMRITSAR,3.5553480614894135,4.04305126783455,1.3862943611198906,3.828641396489095,1.0986122886681098,5.017279836814924,5.948034989180646,0.08900523560209424,0.14659685863874344,0.007853403141361256,0.11780104712041885,0.39267015706806285
PUNJAB,CP JALANDHAR,3.912023005428146,4.356708826689592,0.6931471805599453,4.356708826689592,1.0986122886681098,4.672828834461906,5.8805329864007,0.13725490196078433,0.21568627450980393,0.0028011204481792717,0.21568627450980393,0.2969187675070028
PUNJAB,CP LUDHIANA,4.718498871295094,5.5093883366279774,1.791759469228055,4.59511985013459,2.995732273553991,5.0689042022202315,6.595780513961311,0.1518467852257182,0.33652530779753764,0.006839945280437756,0.13406292749658003,0.2161422708618331
PUNJAB,FARIDKOT,3.2188758248682006,2.3978952727983707,0.6931471805599453,2.833213344056216,0.0,2.833213344056216,4.51085950651685,0.26666666666666666,0.1111111111111111,0.011111111111111112,0.17777777777777778,0.17777777777777778
PUNJAB,FATEHGARH SAHIB,3.295836866004329,2.772588722239781,1.6094379124341003,3.1354942159291497,0.0,3.367295829986474,4.700480365792417,0.23853211009174313,0.13761467889908258,0.03669724770642202,0.2018348623853211,0.25688073394495414
PUNJAB,FAZILKA,3.970291913552122,3.367295829986474,1.6094379124341003,2.9444389791664403,0.0,4.0943445622221,5.2574953720277815,0.27225130890052357,0.14659685863874344,0.020942408376963352,0.09424083769633508,0.3089005235602094
PUNJAB,FEROZEPUR,4.02535169073515,2.8903717578961645,1.3862943611198906,3.4657359027997265,0.0,3.828641396489095,5.472270673671475,0.2320675105485232,0.07172995780590717,0.012658227848101266,0.1308016877637131,0.189873417721519
PUNJAB,G. R. P.,0.6931471805599453,0.0,0.0,1.3862943611198906,0.0,0.0,1.9459101490553132,0.16666666666666666,0.0,0.0,0.5,0.0
PUNJAB,GURDASPUR,3.295836866004329,2.995732273553991,1.0986122886681098,3.6375861597263857,0.0,3.871201010907891,4.990432586778736,0.1780821917808219,0.13013698630136986,0.0136986301369863,0.2534246575342466,0.3219178082191781
PUNJAB,HOSHIARPUR,3.784189633918261,3.970291913552122,2.0794415416798357,3.7376696182833684,1.0986122886681098,4.543294782270004,6.395261598115449,0.07190635451505016,0.08695652173913043,0.011705685618729096,0.06856187290969899,0.15551839464882944
PUNJAB,JALANDHAR RURAL,3.4657359027997265,3.5553480614894135,1.0986122886681098,3.6375861597263857,0.0,3.4965075614664802,5.247024072160486,0.164021164021164,0.17989417989417988,0.010582010582010581,0.19576719576719576,0.1693121693121693
PUNJAB,KAPURTHALA,3.4011973816621555,3.4011973816621555,1.3862943611198906,3.5263605246161616,0.6931471805599453,4.07753744390572,5.327876168789581,0.14146341463414633,0.14146341463414633,0.014634146341463415,0.16097560975609757,0.28292682926829266
PUNJAB,KHANNA,3.1780538303479458,3.6375861597263857,1.3862943611198906,3.5553480614894135,0.0,3.6635616461296463,5.049856007249537,0.14838709677419354,0.23870967741935484,0.01935483870967742,0.21935483870967742,0.24516129032258063
PUNJAB,LUDHIANA RURAL,2.70805020110221,3.7376696182833684,1.3862943611198906,3.1354942159291497,0.0,3.4339872044851463,4.897839799950911,0.10526315789473684,0.3082706766917293,0.022556390977443608,0.16541353383458646,0.22556390977443608
PUNJAB,MANSA,3.1354942159291497,2.1972245773362196,1.791759469228055,3.1354942159291497,1.0986122886681098,3.6888794541139363,4.875197323201151,0.16923076923076924,0.06153846153846154,0.038461538461538464,0.16923076923076924,0.3
PUNJAB,MOGA,3.4011973816621555,3.4011973816621555,0.0,3.6888794541139363,1.0986122886681098,3.332204510175204,5.117993812416755,0.1746987951807229,0.1746987951807229,0.0,0.23493975903614459,0.16265060240963855
PUNJAB,MUKTSAR,3.4011973816621555,3.295836866004329,0.6931471805599453,3.2188758248682006,0.6931471805599453,3.295836866004329,4.844187086458591,0.23015873015873015,0.20634920634920634,0.007936507936507936,0.19047619047619047,0.20634920634920634
PUNJAB,PATHANKOT,2.4849066497880004,1.9459101490553132,1.6094379124341003,2.4849066497880004,0.0,4.394449154672439,4.867534450455582,0.08527131782945736,0.046511627906976744,0.031007751937984496,0.08527131782945736,0.6201550387596899
PUNJAB,PATIALA,3.6635616461296463,3.9512437185814275,1.6094379124341003,4.204692619390966,0.6931471805599453,5.170483995038151,5.991464547107982,0.09523809523809523,0.12781954887218044,0.010025062656641603,0.16541353383458646,0.43859649122807015
PUNJAB,ROPAR,3.091042453358316,3.5263605246161616,1.0986122886681098,3.970291913552122,1.0986122886681098,3.6375861597263857,5.293304824724492,0.10606060606060606,0.16666666666666666,0.010101010101010102,0.26262626262626265,0.18686868686868688
PUNJAB,SANGRUR,4.060443010546419,3.8501476017100584,2.0794415416798357,4.007333185232471,0.0,4.454347296253507,5.634789603169249,0.20430107526881722,0.16487455197132617,0.025089605734767026,0.1935483870967742,0.3046594982078853
PUNJAB,SAS NAGAR,4.0943445622221,4.330733340286331,1.791759469228055,4.060443010546419,0.0,4.31748811353631,5.746203190540153,0.1891025641025641,0.2403846153846154,0.016025641025641024,0.18269230769230768,0.23717948717948717
PUNJAB,SBS NAGAR,3.044522437723423,2.70805020110221,1.0986122886681098,2.9444389791664403,0.6931471805599453,3.58351893845611,4.795790545596741,0.16666666666666666,0.11666666666666667,0.016666666666666666,0.15,0.2916666666666667
PUNJAB,TARN TARAN,3.4011973816621555,3.6109179126442243,1.791759469228055,3.8918202981106265,0.0,3.970291913552122,5.308267697401205,0.14427860696517414,0.1791044776119403,0.024875621890547265,0.23880597014925373,0.25870646766169153
RAJASTHAN,AJMER,4.875197323201151,5.093750200806762,2.3978952727983707,5.204006687076795,0.0,6.739336627357174,7.234898420314831,0.09379509379509379,0.11688311688311688,0.007215007215007215,0.1305916305916306,0.6089466089466089
RAJASTHAN,ALWAR,5.703782474656201,5.5134287461649825,3.5263605246161616,5.54907608489522,0.0,6.580639137284949,7.451241684987676,0.1737361998837885,0.14352120859965137,0.01917489831493318,0.14875072632190586,0.41836141778036023
RAJASTHAN,BANSWARA,4.990432586778736,4.919980925828125,1.9459101490553132,4.6443908991413725,0.0,5.293304824724492,6.440946540632921,0.23322683706070288,0.21725239616613418,0.009584664536741214,0.1645367412140575,0.31629392971246006
RAJASTHAN,BARAN,4.219507705176107,5.056245805348308,1.791759469228055,5.3612921657094255,0.0,5.8377304471659395,6.693323668269949,0.08312655086848635,0.1935483870967742,0.00620347394540943,0.2630272952853598,0.42431761786600497
RAJASTHAN,BARMER,4.543294782270004,3.7612001156935624,3.295836866004329,5.60947179518496,0.0,5.602118820879701,6.654152520183219,0.12,0.05419354838709677,0.03354838709677419,0.35096774193548386,0.34838709677419355
RAJASTHAN,BHARATPUR,5.393627546352362,5.236441962829949,3.6109179126442243,4.983606621708336,0.0,6.408528791059498,7.147559271189454,0.17244094488188977,0.14724409448818898,0.028346456692913385,0.1141732283464567,0.47716535433070867
RAJASTHAN,BHILWARA,4.007333185232471,4.700480365792417,2.1972245773362196,5.159055299214529,0.0,6.873163834212518,7.1808311990445555,0.04112718964204113,0.08301599390708302,0.006092916984006093,0.13175932977913177,0.734958111195735
RAJASTHAN,BIKANER,4.330733340286331,4.276666119016055,2.772588722239781,4.499809670330265,0.0,6.371611847231857,6.782192056006791,0.0851305334846765,0.08059023836549375,0.0170261066969353,0.10102156640181612,0.662883087400681
RAJASTHAN,BUNDI,4.394449154672439,4.787491742782046,1.6094379124341003,5.19295685089021,0.0,5.786897381366708,6.582025138892826,0.11095700416088766,0.1650485436893204,0.005547850208044383,0.24826629680998613,0.4507628294036061
RAJASTHAN,CHITTORGARH,4.653960350157523,5.198497031265826,1.0986122886681098,4.983606621708336,1.0986122886681098,6.464588303689961,7.00850518208228,0.09411764705882353,0.16289592760180996,0.0018099547511312218,0.13122171945701358,0.5800904977375566
RAJASTHAN,CHURU,4.290459441148391,4.07753744390572,2.0794415416798357,3.828641396489095,0.0,6.028278520230698,6.444131256700441,0.11464968152866242,0.09235668789808917,0.011146496815286623,0.07165605095541401,0.6592356687898089
RAJASTHAN,DAUSA,3.6375861597263857,4.48863636973214,1.791759469228055,5.017279836814924,0.0,5.459585514144159,6.400257445308821,0.06156405990016639,0.1464226289517471,0.008319467554076539,0.24958402662229617,0.389351081530782
RAJASTHAN,DHOLPUR,4.3694478524670215,4.23410650459726,3.091042453358316,3.784189633918261,0.0,5.521460917862246,6.2166061010848646,0.156,0.136,0.042,0.086,0.498
RAJASTHAN,DUNGARPUR,4.709530201312334,4.882801922586371,2.6390573296152584,5.043425116919247,0.0,5.236441962829949,6.467698726104354,0.17107309486780714,0.20373250388802489,0.02021772939346812,0.23950233281493002,0.29082426127527217
RAJASTHAN,G.R.P.AJMER,1.3862943611198906,2.1972245773362196,0.6931471805599453,1.791759469228055,1.0986122886681098,0.0,3.7376696182833684,0.07317073170731707,0.1951219512195122,0.024390243902439025,0.12195121951219512,0.0
RAJASTHAN,G.R.P.JODHPUR,0.6931471805599453,0.6931471805599453,0.0,2.0794415416798357,0.0,0.0,2.302585092994046,0.1111111111111111,0.1111111111111111,0.0,0.7777777777777778,0.0
RAJASTHAN,GANGANAGAR,5.198497031265826,4.867534450455582,2.8903717578961645,4.997212273764115,1.0986122886681098,6.828712071641684,7.336936913707618,0.11726384364820847,0.08403908794788274,0.011074918566775244,0.09576547231270359,0.6013029315960912
RAJASTHAN,HANUMANGARH,4.912654885736052,4.290459441148391,2.4849066497880004,4.8283137373023015,0.0,6.396929655216146,6.895682697747868,0.13677811550151975,0.0729483282674772,0.011144883485309016,0.12563323201621074,0.6068895643363729
RAJASTHAN,JAIPUR EAST,4.30406509320417,4.844187086458591,2.1972245773362196,5.111987788356544,0.0,5.749392985908253,6.612041034833092,0.09825033647375504,0.1695827725437416,0.010767160161507403,0.22207267833109018,0.42126514131897713
RAJASTHAN,JAIPUR NORTH,3.7612001156935624,4.653960350157523,1.6094379124341003,4.330733340286331,0.0,5.6937321388027,6.345636360828596,0.07381370826010544,0.1827768014059754,0.007029876977152899,0.13181019332161686,0.5202108963093146
RAJASTHAN,JAIPUR RURAL,4.394449154672439,4.859812404361672,2.6390573296152584,5.214935757608986,0.0,5.54907608489522,6.568077911411976,0.11251758087201125,0.180028129395218,0.01828410689170183,0.25738396624472576,0.360056258790436
RAJASTHAN,JAIPUR SOUTH,4.04305126783455,4.51085950651685,2.1972245773362196,4.584967478670572,0.0,5.351858133476067,6.322565239927284,0.10071942446043165,0.1618705035971223,0.014388489208633094,0.17446043165467626,0.3776978417266187
RAJASTHAN,JAIPUR WEST,4.532599493153256,4.77912349311153,2.6390573296152584,4.77912349311153,0.0,5.820082930352362,6.586171654854675,0.1270718232044199,0.16298342541436464,0.017955801104972375,0.16298342541436464,0.46408839779005523
RAJASTHAN,JAISALMER,2.3978952727983707,2.3978952727983707,1.791759469228055,4.553876891600541,0.0,3.8918202981106265,5.147494476813453,0.05847953216374269,0.05847953216374269,0.029239766081871343,0.5497076023391813,0.2807017543859649
RAJASTHAN,JALORE,3.784189633918261,4.060443010546419,2.302585092994046,4.653960350157523,0.0,5.214935757608986,6.052089168924417,0.10141509433962265,0.13443396226415094,0.02122641509433962,0.24528301886792453,0.43160377358490565
RAJASTHAN,JHALAWAR,4.9344739331306915,5.0369526024136295,2.4849066497880004,5.6937321388027,1.0986122886681098,6.263398262591624,7.080026499922591,0.11625947767481044,0.12889637742207244,0.009267059814658803,0.2493681550126369,0.44144903117101936
RAJASTHAN,JHUNJHUNU,4.382026634673881,4.499809670330265,2.5649493574615367,3.9889840465642745,0.0,5.8916442118257715,6.405228458030842,0.13079470198675497,0.14735099337748345,0.019867549668874173,0.08774834437086093,0.597682119205298
RAJASTHAN,JODHPUR EAST,3.258096538021482,3.367295829986474,1.0986122886681098,4.584967478670572,1.3862943611198906,5.389071729816501,5.983936280687191,0.06313131313131314,0.0707070707070707,0.005050505050505051,0.24494949494949494,0.5505050505050505
RAJASTHAN,JODHPUR WEST,3.8501476017100584,3.912023005428146,0.0,4.770684624465665,0.0,5.111987788356544,5.976350909297934,0.11704834605597965,0.12468193384223919,0.0,0.29770992366412213,0.4198473282442748
RAJASTHAN,JODHPUR RURAL,3.784189633918261,3.784189633918261,1.9459101490553132,4.7535901911063645,0.0,5.351858133476067,6.113682179832232,0.09534368070953436,0.09534368070953436,0.013303769401330377,0.2549889135254989,0.4656319290465632
RAJASTHAN,KARAULI,3.912023005428146,4.442651256490317,2.70805020110221,4.653960350157523,0.0,5.3706380281276624,6.1903154058531475,0.10061601642710473,0.17248459958932238,0.028747433264887063,0.2135523613963039,0.4394250513347023
RAJASTHAN,KOTA CITY,4.61512051684126,4.927253685157205,1.3862943611198906,4.634728988229636,0.0,6.289715570908998,6.806829360392176,0.11074197120708748,0.15171650055370986,0.0033222591362126247,0.11295681063122924,0.5957918050941307
RAJASTHAN,KOTA RURAL,4.110873864173311,4.330733340286331,1.0986122886681098,5.231108616854587,0.0,5.605802066295998,6.406879986069314,0.09917355371900827,0.12396694214876033,0.003305785123966942,0.3074380165289256,0.4479338842975207
RAJASTHAN,NAGAUR,4.634728988229636,4.709530201312334,2.1972245773362196,4.553876891600541,0.0,6.248042874508429,6.767343125265392,0.1175115207373272,0.12672811059907835,0.009216589861751152,0.10829493087557604,0.5944700460829493
RAJASTHAN,PALI,4.68213122712422,5.087596335232384,3.091042453358316,5.834810737062605,0.0,6.248042874508429,7.079184394609668,0.09021922428330523,0.1357504215851602,0.01770657672849916,0.2875210792580101,0.4350758853288364
RAJASTHAN,PRAAPGARH,5.313205979041787,4.962844630259907,2.5649493574615367,5.723585101952381,0.0,5.777652323222656,6.907755278982137,0.2022022022022022,0.14214214214214213,0.012012012012012012,0.3053053053053053,0.32232232232232233
RAJASTHAN,RAJSAMAND,3.8918202981106265,4.290459441148391,1.9459101490553132,4.406719247264253,0.0,5.673323267171493,6.255750041753367,0.09230769230769231,0.13846153846153847,0.011538461538461539,0.15576923076923077,0.5576923076923077
RAJASTHAN,SAWAI MADHOPUR,4.2626798770413155,4.430816798843313,0.0,4.574710978503383,0.0,5.697093486505405,6.393590753950631,0.11725293132328309,0.1390284757118928,0.0,0.16080402010050251,0.49748743718592964
RAJASTHAN,SIKAR,4.382026634673881,5.0106352940962555,2.70805020110221,4.110873864173311,0.0,6.0063531596017325,6.595780513961311,0.10807113543091655,0.20383036935704515,0.019151846785225718,0.08207934336525308,0.5540355677154583
RAJASTHAN,SIROHI,3.9512437185814275,4.143134726391533,1.6094379124341003,4.3694478524670215,0.6931471805599453,5.6240175061873385,6.20050917404269,0.10365853658536585,0.12601626016260162,0.008130081300813009,0.15853658536585366,0.5609756097560976
RAJASTHAN,TONK,3.970291913552122,4.330733340286331,1.791759469228055,4.867534450455582,1.3862943611198906,5.75890177387728,6.513230110912307,0.07726597325408618,0.11144130757800892,0.007429420505200594,0.19167904903417535,0.46953937592867756
RAJASTHAN,UDAIPUR,5.438079308923196,5.746203190540153,2.1972245773362196,6.173786103901937,1.3862943611198906,6.584791392385716,7.530479995245536,0.12292002147074611,0.16747181964573268,0.0042941492216854536,0.2571121846484165,0.38808373590982287
SIKKIM,EAST,2.833213344056216,2.302585092994046,0.0,2.772588722239781,0.0,1.6094379124341003,4.219507705176107,0.23880597014925373,0.13432835820895522,0.0,0.22388059701492538,0.05970149253731343
SIKKIM,NORTH,1.0986122886681098,0.0,0.0,0.6931471805599453,0.0,0.6931471805599453,1.6094379124341003,0.5,0.0,0.0,0.25,0.25
SIKKIM,SOUTH,2.772588722239781,1.0986122886681098,0.0,2.6390573296152584,1.3862943611198906,0.0,3.7612001156935624,0.35714285714285715,0.047619047619047616,0.0,0.30952380952380953,0.0
SIKKIM,WEST,2.70805020110221,0.6931471805599453,0.0,1.791759469228055,0.0,0.0,3.2188758248682006,0.5833333333333334,0.041666666666666664,0.0,0.20833333333333334,0.0
SIKKIM,CID,0.0,0.0,0.0,0.0,0.0,0.0,0.0,0.0,0.0,0.0,0.0,0.0
TAMIL NADU,ARIYALUR,1.9459101490553132,2.70805020110221,1.0986122886681098,3.1780538303479458,0.0,2.0794415416798357,4.74493212836325,0.05263157894736842,0.12280701754385964,0.017543859649122806,0.20175438596491227,0.06140350877192982
TAMIL NADU,CHENNAI,4.189654742026425,3.1780538303479458,2.3978952727983707,4.0943445622221,5.062595033026967,5.713732805509369,7.010311867307229,0.05871725383920506,0.02077687443541102,0.009033423667570008,0.053297199638663056,0.2728093947606143
TAMIL NADU,COIMBATORE,2.0794415416798357,3.58351893845611,0.0,3.091042453358316,0.0,3.871201010907891,5.2574953720277815,0.03664921465968586,0.18324607329842932,0.0,0.1099476439790576,0.24607329842931938
TAMIL NADU,COIMBATORE CITY,1.791759469228055,1.9459101490553132,0.0,2.1972245773362196,0.0,4.1588830833596715,5.424950017481403,0.022123893805309734,0.02654867256637168,0.0,0.035398230088495575,0.27876106194690264
TAMIL NADU,CUDDALORE,2.70805020110221,4.430816798843313,1.791759469228055,1.3862943611198906,0.0,3.6888794541139363,5.056245805348308,0.08974358974358974,0.532051282051282,0.03205128205128205,0.019230769230769232,0.25
TAMIL NADU,DHARMAPURI,2.4849066497880004,4.919980925828125,1.0986122886681098,3.295836866004329,0.0,3.4965075614664802,5.575949103146316,0.04182509505703422,0.5171102661596958,0.0076045627376425855,0.09885931558935361,0.12167300380228137
TAMIL NADU,DINDIGUL,2.772588722239781,4.727387818712341,1.6094379124341003,3.4011973816621555,0.0,4.787491742782046,5.857933154483459,0.04297994269340974,0.3209169054441261,0.011461318051575931,0.0830945558739255,0.34097421203438394
TAMIL NADU,ERODE,0.0,3.258096538021482,0.0,2.995732273553991,0.0,3.295836866004329,5.030437921392435,0.0,0.16447368421052633,0.0,0.125,0.17105263157894737
TAMIL NADU,KANCHIPURAM,2.833213344056216,2.70805020110221,1.0986122886681098,2.1972245773362196,0.6931471805599453,2.995732273553991,4.51085950651685,0.17777777777777778,0.15555555555555556,0.022222222222222223,0.08888888888888889,0.2111111111111111
TAMIL NADU,KANYAKUMARI,2.0794415416798357,2.772588722239781,1.0986122886681098,1.3862943611198906,0.0,4.04305126783455,5.3230099791384085,0.03431372549019608,0.07352941176470588,0.00980392156862745,0.014705882352941176,0.27450980392156865
TAMIL NADU,KARUR,0.6931471805599453,2.772588722239781,0.6931471805599453,3.044522437723423,0.0,2.302585092994046,4.48863636973214,0.011363636363636364,0.17045454545454544,0.011363636363636364,0.22727272727272727,0.10227272727272728
TAMIL NADU,KRISHNAGIRI,2.6390573296152584,4.23410650459726,1.6094379124341003,3.5553480614894135,0.6931471805599453,3.4011973816621555,5.37989735354046,0.06018518518518518,0.3148148148148148,0.018518518518518517,0.1574074074074074,0.13425925925925927
TAMIL NADU,MADURAI,3.6375861597263857,5.123963979403259,1.791759469228055,4.382026634673881,2.3978952727983707,5.7899601708972535,6.957497370876951,0.035238095238095235,0.15904761904761905,0.004761904761904762,0.07523809523809524,0.31047619047619046
TAMIL NADU,MADURAI CITY,1.9459101490553132,3.1780538303479458,0.6931471805599453,3.1354942159291497,0.6931471805599453,4.248495242049359,5.545177444479562,0.023529411764705882,0.09019607843137255,0.00392156862745098,0.08627450980392157,0.27058823529411763
TAMIL NADU,NAGAPATTINAM,2.833213344056216,3.6635616461296463,0.0,2.70805020110221,3.367295829986474,3.1354942159291497,5.247024072160486,0.08465608465608465,0.20105820105820105,0.0,0.07407407407407407,0.1164021164021164
TAMIL NADU,NAMAKKAL,0.0,3.091042453358316,0.0,3.8918202981106265,1.3862943611198906,2.4849066497880004,4.955827057601261,0.0,0.14893617021276595,0.0,0.3404255319148936,0.07801418439716312
TAMIL NADU,NILGIRIS,1.9459101490553132,1.791759469228055,0.0,2.5649493574615367,0.6931471805599453,1.791759469228055,3.9512437185814275,0.11764705882352941,0.09803921568627451,0.0,0.23529411764705882,0.09803921568627451
TAMIL NADU,PERAMBALUR,2.0794415416798357,1.6094379124341003,0.6931471805599453,3.295836866004329,0.0,2.6390573296152584,4.3694478524670215,0.08974358974358974,0.05128205128205128,0.01282051282051282,0.3333333333333333,0.16666666666666666
TAMIL NADU,PUDUKOTTAI,1.3862943611198906,3.871201010907891,1.0986122886681098,3.4011973816621555,0.0,3.8066624897703196,5.0369526024136295,0.0196078431372549,0.30718954248366015,0.013071895424836602,0.1895424836601307,0.2875816993464052
TAMIL NADU,RAMNATHAPURAM,2.1972245773362196,3.367295829986474,1.3862943611198906,2.5649493574615367,0.0,3.2188758248682006,4.969813299576001,0.055944055944055944,0.1958041958041958,0.02097902097902098,0.08391608391608392,0.16783216783216784
TAMIL NADU,RAILWAY CHENNAI,0.6931471805599453,0.0,0.0,1.6094379124341003,0.0,0.0,2.833213344056216,0.0625,0.0,0.0,0.25,0.0
TAMIL NADU,RAILWAY TRICHY,0.0,0.0,0.0,0.0,0.0,0.0,2.1972245773362196,0.0,0.0,0.0,0.0,0.0
TAMIL NADU,SALEM,1.9459101490553132,3.784189633918261,2.0794415416798357,3.8501476017100584,0.0,3.1354942159291497,5.14166355650266,0.03529411764705882,0.2529411764705882,0.041176470588235294,0.27058823529411763,0.12941176470588237
TAMIL NADU,SALEM CITY,1.791759469228055,2.772588722239781,0.6931471805599453,2.5649493574615367,3.091042453358316,3.5263605246161616,5.0238805208462765,0.033112582781456956,0.09933774834437085,0.006622516556291391,0.07947019867549669,0.2185430463576159
TAMIL NADU,SIVAGANGAI,2.772588722239781,3.6375861597263857,1.3862943611198906,2.6390573296152584,0.0,3.9512437185814275,5.393627546352362,0.0684931506849315,0.1689497716894977,0.0136986301369863,0.0593607305936073,0.2328767123287671
TAMIL NADU,THANJAVUR,2.1972245773362196,3.2188758248682006,0.0,4.143134726391533,0.0,3.4657359027997265,5.407171771460119,0.036036036036036036,0.10810810810810811,0.0,0.27927927927927926,0.13963963963963963
TAMIL NADU,THENI,2.1972245773362196,3.828641396489095,1.9459101490553132,3.4339872044851463,0.0,4.07753744390572,5.517452896464707,0.03225806451612903,0.1814516129032258,0.024193548387096774,0.12096774193548387,0.23387096774193547
TAMIL NADU,THIRUNELVELI,3.6109179126442243,3.8501476017100584,1.791759469228055,3.871201010907891,0.0,4.997212273764115,7.786967002614872,0.014950166112956811,0.01910299003322259,0.0020764119601328905,0.01951827242524917,0.061046511627906974
TAMIL NADU,THIRUNELVELI CITY,1.9459101490553132,1.3862943611198906,0.0,1.3862943611198906,0.0,2.995732273553991,5.455321115357702,0.02575107296137339,0.012875536480686695,0.0,0.012875536480686695,0.0815450643776824
TAMIL NADU,THIRUVALLUR,2.1972245773362196,2.302585092994046,1.6094379124341003,1.0986122886681098,1.0986122886681098,2.772588722239781,4.060443010546419,0.14035087719298245,0.15789473684210525,0.07017543859649122,0.03508771929824561,0.2631578947368421
TAMIL NADU,THIRUVANNAMALAI,2.833213344056216,3.912023005428146,1.9459101490553132,2.70805020110221,0.0,3.58351893845611,5.1298987149230735,0.09523809523809523,0.2916666666666667,0.03571428571428571,0.08333333333333333,0.20833333333333334
TAMIL NADU,THIRUVARUR,1.0986122886681098,3.1780538303479458,0.6931471805599453,1.0986122886681098,0.6931471805599453,2.0794415416798357,4.290459441148391,0.027777777777777776,0.3194444444444444,0.013888888888888888,0.027777777777777776,0.09722222222222222
TAMIL NADU,THOOTHUGUDI,2.833213344056216,2.5649493574615367,0.0,3.8066624897703196,0.0,4.30406509320417,7.205635176410364,0.01188707280832095,0.008915304606240713,0.0,0.03268945022288262,0.05423476968796434
TAMIL NADU,TIRUPPUR,1.9459101490553132,3.9318256327243257,1.3862943611198906,2.772588722239781,0.0,3.5263605246161616,5.4638318050256105,0.02553191489361702,0.2127659574468085,0.01276595744680851,0.06382978723404255,0.14042553191489363
TAMIL NADU,TIRUPPUR CITY,1.791759469228055,2.70805020110221,0.0,2.0794415416798357,0.0,3.1354942159291497,5.075173815233827,0.031446540880503145,0.0880503144654088,0.0,0.0440251572327044,0.13836477987421383
TAMIL NADU,TRICHY,2.1972245773362196,3.4339872044851463,1.0986122886681098,3.9512437185814275,0.0,3.8918202981106265,5.1298987149230735,0.047619047619047616,0.17857142857142858,0.011904761904761904,0.30357142857142855,0.2857142857142857
TAMIL NADU,TRICHY CITY,1.3862943611198906,0.6931471805599453,0.0,2.3978952727983707,1.3862943611198906,3.332204510175204,4.51085950651685,0.03333333333333333,0.011111111111111112,0.0,0.1111111111111111,0.3
TAMIL NADU,VELLORE,2.5649493574615367,4.3694478524670215,1.3862943611198906,3.8066624897703196,0.0,4.709530201312334,5.918893854273146,0.03234501347708895,0.21024258760107817,0.008086253369272238,0.11859838274932614,0.29649595687331537
TAMIL NADU,VILLUPURAM,3.6635616461296463,4.836281906951478,2.0794415416798357,5.176149732573829,0.0,4.406719247264253,6.602587892189336,0.051630434782608696,0.16983695652173914,0.009510869565217392,0.2391304347826087,0.11005434782608696
TAMIL NADU,VIRUDHUNAGAR,2.6390573296152584,2.995732273553991,1.3862943611198906,3.258096538021482,0.0,3.4011973816621555,6.023447592961033,0.03155339805825243,0.04611650485436893,0.007281553398058253,0.06067961165048544,0.0703883495145631
TAMIL NADU,CYBER CELL,0.0,0.0,0.0,0.0,0.0,0.0,0.0,0.0,0.0,0.0,0.0,0.0
TAMIL NADU,OTHER UNITS,0.0,0.0,0.0,0.0,0.0,0.0,0.0,0.0,0.0,0.0,0.0,0.0
TELANGANA,ADILABAD,3.7612001156935624,3.6888794541139363,2.833213344056216,5.501258210544727,4.430816798843313,5.953243334287785,6.835184586147301,0.04520990312163617,0.04198062432723358,0.017222820236813777,0.26264800861141013,0.4133476856835307
TELANGANA,CYBERABAD,4.941642422609304,4.51085950651685,3.8918202981106265,5.932245187448011,5.605802066295998,7.1929342212158,7.8713112033234065,0.05305343511450382,0.03435114503816794,0.0183206106870229,0.1435114503816794,0.5072519083969466
TELANGANA,HYDERABAD CITY,4.844187086458591,5.170483995038151,3.1354942159291497,5.976350909297934,4.477336814478207,7.162397497355718,7.697121317282625,0.05724670604270786,0.07950931394820536,0.009995456610631531,0.1785552021808269,0.5856428895956384
TELANGANA,KARIMNAGAR,4.204692619390966,4.454347296253507,3.5553480614894135,5.924255797414532,4.2626798770413155,6.6039438246004725,7.2875606403097235,0.045174537987679675,0.05817932922655715,0.02327173169062286,0.25530458590006844,0.5044490075290896
TELANGANA,KHAMMAM,4.634728988229636,4.143134726391533,2.9444389791664403,5.863631175598097,4.897839799950911,6.274762021241939,7.161622002939187,0.07919254658385093,0.04813664596273292,0.013975155279503106,0.27251552795031053,0.4114906832298137
TELANGANA,MAHABOOB NAGAR,5.135798437050262,3.9318256327243257,3.4339872044851463,5.493061443340548,3.871201010907891,5.3471075307174685,7.059617628291383,0.14531384350816853,0.04299226139294927,0.025795356835769563,0.20808254514187446,0.17970765262252794
TELANGANA,MEDAK,4.110873864173311,3.58351893845611,3.5553480614894135,5.356586274672012,3.871201010907891,5.849324779946859,6.7661917146603505,0.06920415224913495,0.040369088811995385,0.0392156862745098,0.2433679354094579,0.3990772779700115
TELANGANA,NALGONDA,4.844187086458591,3.6109179126442243,3.1780538303479458,6.104793232414985,5.1647859739235145,5.572154032177765,7.352441100243583,0.08082103912764593,0.023091725465041693,0.014753046824887749,0.286722257857601,0.16805644644002565
TELANGANA,NIZAMABAD,3.6109179126442243,3.332204510175204,3.258096538021482,5.099866427824199,4.983606621708336,6.490723534502507,7.061334366910438,0.030901287553648068,0.02317596566523605,0.02145922746781116,0.13991416309012875,0.5648068669527897
TELANGANA,RANGA REDDY,3.9512437185814275,3.5553480614894135,2.3978952727983707,4.430816798843313,2.9444389791664403,5.262690188904886,6.175867270105761,0.10625,0.07083333333333333,0.020833333333333332,0.17291666666666666,0.4
TELANGANA,SECUNDERABAD RAILWAY,1.0986122886681098,0.6931471805599453,0.0,1.791759469228055,0.0,0.0,2.6390573296152584,0.15384615384615385,0.07692307692307693,0.0,0.38461538461538464,0.0
TELANGANA,WARANGAL,3.7376696182833684,3.8066624897703196,2.8903717578961645,5.231108616854587,3.044522437723423,5.389071729816501,6.423246963533519,0.06666666666666667,0.07154471544715447,0.027642276422764227,0.3024390243902439,0.3544715447154472
TELANGANA,WARANGAL URBAN,2.995732273553991,3.5263605246161616,2.5649493574615367,4.74493212836325,3.871201010907891,5.375278407684165,6.236369590203704,0.03725490196078431,0.06470588235294118,0.023529411764705882,0.2235294117647059,0.4215686274509804
TRIPURA,DHALAI,3.5553480614894135,1.791759469228055,0.6931471805599453,3.912023005428146,0.0,3.7376696182833684,4.976733742420574,0.2361111111111111,0.034722222222222224,0.006944444444444444,0.3402777777777778,0.2847222222222222
TRIPURA,GOMATI,3.4965075614664802,3.1354942159291497,2.302585092994046,3.9512437185814275,0.0,4.912654885736052,5.634789603169249,0.11469534050179211,0.07885304659498207,0.03225806451612903,0.1827956989247312,0.4838709677419355
TRIPURA,G. R. P.,0.0,0.0,0.0,1.0986122886681098,0.0,0.0,1.0986122886681098,0.0,0.0,0.0,1.0,0.0
TRIPURA,KOWAI,2.772588722239781,1.6094379124341003,2.1972245773362196,3.6109179126442243,0.0,3.258096538021482,4.718498871295094,0.13513513513513514,0.036036036036036036,0.07207207207207207,0.32432432432432434,0.22522522522522523
TRIPURA,NORTH,3.295836866004329,2.5649493574615367,1.9459101490553132,3.7376696182833684,0.0,4.382026634673881,5.159055299214529,0.15028901734104047,0.06936416184971098,0.03468208092485549,0.23699421965317918,0.45664739884393063
TRIPURA,SIPAHIJALA,2.995732273553991,2.4849066497880004,0.6931471805599453,4.343805421853684,0.0,4.465908118654584,5.313205979041787,0.09405940594059406,0.054455445544554455,0.0049504950495049506,0.37623762376237624,0.42574257425742573
TRIPURA,SOUTH,3.044522437723423,2.1972245773362196,1.6094379124341003,3.871201010907891,0.0,4.553876891600541,5.3706380281276624,0.09345794392523364,0.037383177570093455,0.018691588785046728,0.21962616822429906,0.4392523364485981
TRIPURA,UNAKOTI,3.2188758248682006,2.4849066497880004,0.6931471805599453,3.4011973816621555,1.0986122886681098,3.9318256327243257,4.812184355372417,0.19672131147540983,0.09016393442622951,0.00819672131147541,0.23770491803278687,0.4098360655737705
TRIPURA,WEST,4.248495242049359,3.4011973816621555,1.3862943611198906,5.087596335232384,2.302585092994046,5.262690188904886,6.19644412779452,0.14081632653061224,0.05918367346938776,0.006122448979591836,0.32857142857142857,0.39183673469387753
UTTAR PRADESH,AGRA,4.356708826689592,5.8522024797744745,4.477336814478207,5.641907070938114,0.0,5.966146739123692,7.365812837209472,0.048734177215189876,0.21962025316455697,0.05506329113924051,0.1778481012658228,0.24620253164556963
UTTAR PRADESH,ALIGARH,4.727387818712341,6.003887067106539,4.248495242049359,5.730099782973574,0.0,6.1224928095143865,7.7025561132685825,0.05061003163126977,0.18255761409850882,0.031179394487121554,0.13872571170356982,0.20560325350203343
UTTAR PRADESH,ALLAHABAD,4.700480365792417,5.594711379601839,3.9889840465642745,5.736572297479192,1.6094379124341003,5.87493073085203,7.358193752733032,0.06951530612244898,0.17091836734693877,0.03380102040816327,0.19706632653061223,0.2264030612244898
UTTAR PRADESH,AMBEDKAR NAGAR,3.044522437723423,4.07753744390572,2.4849066497880004,2.833213344056216,0.0,3.7376696182833684,5.497168225293202,0.0823045267489712,0.23868312757201646,0.04526748971193416,0.06584362139917696,0.16872427983539096
UTTAR PRADESH,AMETHI,3.332204510175204,4.653960350157523,2.772588722239781,4.3694478524670215,0.0,3.871201010907891,6.054439346269371,0.06352941176470588,0.2447058823529412,0.03529411764705882,0.18352941176470589,0.11058823529411765
UTTAR PRADESH,AMROHA,3.58351893845611,4.68213122712422,3.1780538303479458,4.406719247264253,0.0,5.41610040220442,6.415096959171596,0.05737704918032787,0.17540983606557378,0.03770491803278689,0.13278688524590163,0.36721311475409835
UTTAR PRADESH,AURAIYA,3.091042453358316,4.5217885770490405,3.5553480614894135,4.30406509320417,0.0,5.0238805208462765,6.248042874508429,0.040697674418604654,0.17635658914728683,0.06589147286821706,0.14147286821705427,0.2926356589147287
UTTAR PRADESH,AZAMGARH,3.7612001156935624,4.976733742420574,3.5553480614894135,4.634728988229636,0.0,5.0689042022202315,6.371611847231857,0.07191780821917808,0.2465753424657534,0.05821917808219178,0.17465753424657535,0.2705479452054795
UTTAR PRADESH,BADAUN,4.276666119016055,5.0369526024136295,4.04305126783455,5.003946305945459,0.0,4.143134726391533,6.601230118728877,0.09659863945578231,0.20816326530612245,0.0761904761904762,0.20136054421768707,0.08435374149659863
UTTAR PRADESH,BAGHPAT,3.58351893845611,4.465908118654584,2.70805020110221,4.574710978503383,0.0,4.51085950651685,6.270988431858299,0.06628787878787878,0.16287878787878787,0.026515151515151516,0.18181818181818182,0.17045454545454544
UTTAR PRADESH,BAHRAICH,4.23410650459726,5.187385805840755,3.9512437185814275,3.828641396489095,0.0,0.0,6.452048954437226,0.10742496050552923,0.2812006319115324,0.08056872037914692,0.07109004739336493,0.0
UTTAR PRADESH,BALLIA,3.091042453358316,4.499809670330265,3.2188758248682006,4.276666119016055,1.0986122886681098,4.564348191467836,6.1903154058531475,0.043121149897330596,0.18275154004106775,0.049281314168377825,0.1457905544147844,0.19507186858316222
UTTAR PRADESH,BALRAMPUR,2.995732273553991,4.110873864173311,2.6390573296152584,3.367295829986474,0.0,1.0986122886681098,5.308267697401205,0.0945273631840796,0.29850746268656714,0.06467661691542288,0.13930348258706468,0.009950248756218905
UTTAR PRADESH,BANDA,4.276666119016055,4.700480365792417,3.6888794541139363,5.225746673713202,0.0,4.574710978503383,6.652863029353347,0.0917312661498708,0.14082687338501293,0.050387596899224806,0.23901808785529716,0.12403100775193798
UTTAR PRADESH,BARABANKI,3.58351893845611,4.1588830833596715,3.258096538021482,3.9512437185814275,0.0,3.6109179126442243,6.2166061010848646,0.07,0.126,0.05,0.102,0.072
UTTAR PRADESH,BAREILLY,4.343805421853684,5.75890177387728,4.31748811353631,5.53338948872752,0.0,4.941642422609304,7.124478262493424,0.06124093473005641,0.25463336019339244,0.05962933118452861,0.20306204673650283,0.11200644641418211
UTTAR PRADESH,BASTI,2.772588722239781,3.970291913552122,2.772588722239781,3.332204510175204,0.0,3.713572066704308,5.5254529391317835,0.06,0.208,0.06,0.108,0.16
UTTAR PRADESH,BIJNOR,4.394449154672439,5.10594547390058,3.295836866004329,5.170483995038151,0.0,0.0,6.849066282633458,0.08492569002123142,0.1740976645435244,0.027600849256900213,0.18577494692144372,0.0
UTTAR PRADESH,BULANDSHAHAR,4.418840607796598,5.43372200355424,4.02535169073515,5.480638923341991,0.6931471805599453,0.0,7.061334366910438,0.0703862660944206,0.19570815450643778,0.04721030042918455,0.20515021459227467,0.0
UTTAR PRADESH,CHANDOLI,3.295836866004329,4.23410650459726,3.044522437723423,4.532599493153256,0.0,4.736198448394496,6.269096283706261,0.04933586337760911,0.12903225806451613,0.03795066413662239,0.174573055028463,0.2144212523719165
UTTAR PRADESH,CHITRAKOOT,3.1780538303479458,3.5553480614894135,3.1780538303479458,4.04305126783455,0.0,2.5649493574615367,5.641907070938114,0.08185053380782918,0.12099644128113879,0.08185053380782918,0.199288256227758,0.042704626334519574
UTTAR PRADESH,DEORIA,3.58351893845611,4.74493212836325,3.4657359027997265,4.23410650459726,0.0,1.9459101490553132,6.18826412308259,0.0720164609053498,0.2345679012345679,0.06378600823045268,0.13991769547325103,0.012345679012345678
UTTAR PRADESH,ETAH,4.007333185232471,4.969813299576001,3.7612001156935624,4.74493212836325,1.0986122886681098,4.795790545596741,6.661854740545311,0.06914212548015365,0.18309859154929578,0.05377720870678617,0.14596670934699105,0.15364916773367476
UTTAR PRADESH,ETAWAH,3.4339872044851463,4.812184355372417,3.4657359027997265,4.394449154672439,0.0,4.653960350157523,6.236369590203704,0.058823529411764705,0.23921568627450981,0.060784313725490195,0.1568627450980392,0.20392156862745098
UTTAR PRADESH,FAIZABAD,3.6375861597263857,4.770684624465665,2.6390573296152584,4.5217885770490405,0.0,2.1972245773362196,6.3473892096560105,0.06491228070175438,0.20526315789473684,0.02280701754385965,0.15964912280701754,0.014035087719298246
UTTAR PRADESH,FATEHGARH,2.995732273553991,4.844187086458591,3.6888794541139363,3.6635616461296463,0.0,4.804021044733257,6.2166061010848646,0.038,0.252,0.078,0.076,0.242
UTTAR PRADESH,FATEHPUR,4.07753744390572,4.804021044733257,3.784189633918261,4.624972813284271,0.0,4.543294782270004,6.361302477572996,0.10034602076124567,0.2093425605536332,0.07439446366782007,0.17474048442906576,0.16089965397923875
UTTAR PRADESH,FIROZABAD,4.127134385045092,5.5053315359323625,4.02535169073515,4.882801922586371,0.0,4.990432586778736,6.7650389767805414,0.07043879907621248,0.28290993071593534,0.06351039260969978,0.151270207852194,0.16859122401847576
UTTAR PRADESH,G. R. P.,1.791759469228055,3.091042453358316,0.6931471805599453,4.174387269895637,0.0,0.0,6.3578422665081,0.008680555555555556,0.036458333333333336,0.001736111111111111,0.1111111111111111,0.0
UTTAR PRADESH,GAUTAMBUDH NAGAR,4.007333185232471,5.017279836814924,3.58351893845611,5.087596335232384,2.0794415416798357,5.293304824724492,6.754604099487962,0.06301050175029171,0.1750291715285881,0.040840140023337225,0.18786464410735124,0.2310385064177363
UTTAR PRADESH,GHAZIABAD,4.77912349311153,5.971261839790462,3.6635616461296463,5.648974238161206,1.3862943611198906,6.3561076606958915,7.504391559161238,0.06501377410468319,0.21542699724517905,0.0209366391184573,0.15592286501377411,0.3168044077134986
UTTAR PRADESH,GHAZIPUR,3.2188758248682006,4.634728988229636,3.4657359027997265,4.248495242049359,0.0,4.219507705176107,5.940171252720432,0.0633245382585752,0.2691292875989446,0.08179419525065963,0.1820580474934037,0.17678100263852242
UTTAR PRADESH,GONDA,3.6375861597263857,4.844187086458591,3.367295829986474,4.04305126783455,0.0,2.5649493574615367,6.173786103901937,0.07724425887265135,0.2630480167014614,0.05845511482254697,0.11691022964509394,0.025052192066805846
UTTAR PRADESH,GORAKHPUR,4.532599493153256,5.605802066295998,4.07753744390572,4.890349128221754,0.0,5.4116460518550396,6.8679744089702925,0.09583333333333334,0.28229166666666666,0.06041666666666667,0.1375,0.23229166666666667
UTTAR PRADESH,HAMIRPUR,3.4011973816621555,4.02535169073515,3.295836866004329,4.584967478670572,0.6931471805599453,3.7612001156935624,5.683579767338681,0.09897610921501707,0.18771331058020477,0.08873720136518772,0.3310580204778157,0.14334470989761092
UTTAR PRADESH,HAPUR,3.8501476017100584,4.248495242049359,2.833213344056216,4.143134726391533,0.0,4.2626798770413155,5.82600010738045,0.13609467455621302,0.20414201183431951,0.047337278106508875,0.1834319526627219,0.20710059171597633
UTTAR PRADESH,HARDOI,3.6888794541139363,5.093750200806762,3.713572066704308,4.543294782270004,0.0,4.948759890378168,6.4692503167957724,0.06055900621118013,0.2515527950310559,0.062111801242236024,0.14440993788819875,0.21739130434782608
UTTAR PRADESH,HATHRAS,4.110873864173311,4.852030263919617,3.2188758248682006,4.804021044733257,0.6931471805599453,4.6443908991413725,6.511745329644728,0.08928571428571429,0.18898809523809523,0.03571428571428571,0.1800595238095238,0.15327380952380953
UTTAR PRADESH,JALAUN,2.5649493574615367,4.007333185232471,3.4339872044851463,3.8066624897703196,0.0,3.7376696182833684,5.60947179518496,0.04411764705882353,0.19852941176470587,0.11029411764705882,0.16176470588235295,0.15073529411764705
UTTAR PRADESH,JAUNPUR,3.9318256327243257,4.836281906951478,3.871201010907891,4.143134726391533,0.0,3.912023005428146,6.035481432524756,0.11990407673860912,0.2997601918465228,0.11270983213429256,0.1486810551558753,0.11750599520383694
UTTAR PRADESH,JHANSI,3.367295829986474,4.442651256490317,3.5263605246161616,4.454347296253507,0.0,4.787491742782046,6.315358001522335,0.050724637681159424,0.15217391304347827,0.059782608695652176,0.1539855072463768,0.21557971014492755
UTTAR PRADESH,KANNAUJ,3.1354942159291497,4.532599493153256,3.4657359027997265,4.59511985013459,0.0,4.499809670330265,6.236369590203704,0.043137254901960784,0.1803921568627451,0.060784313725490195,0.19215686274509805,0.17450980392156862
UTTAR PRADESH,KANPUR DEHAT,3.044522437723423,5.0238805208462765,3.58351893845611,4.564348191467836,0.0,4.976733742420574,6.240275845170769,0.0390625,0.294921875,0.068359375,0.185546875,0.28125
UTTAR PRADESH,KANPUR NAGAR,4.3694478524670215,6.025865973825314,4.30406509320417,5.568344503761097,0.6931471805599453,6.38856140554563,7.562161631225652,0.0405616224648986,0.21476859074362975,0.037961518460738426,0.1357254290171607,0.3088923556942278
UTTAR PRADESH,KASGANJ,2.995732273553991,4.574710978503383,3.4011973816621555,4.07753744390572,0.0,3.091042453358316,5.700443573390687,0.06375838926174497,0.3221476510067114,0.09731543624161074,0.19463087248322147,0.07046979865771812
UTTAR PRADESH,KAUSHAMBI,2.70805020110221,4.406719247264253,3.332204510175204,4.795790545596741,0.0,4.465908118654584,6.1224928095143865,0.03076923076923077,0.17802197802197803,0.05934065934065934,0.26373626373626374,0.189010989010989
UTTAR PRADESH,KHIRI,3.912023005428146,5.278114659230517,3.9512437185814275,4.68213122712422,0.0,4.912654885736052,6.7580945044277305,0.056976744186046514,0.22674418604651161,0.05930232558139535,0.12441860465116279,0.1569767441860465
UTTAR PRADESH,KUSHI NAGAR,3.1354942159291497,4.919980925828125,3.4657359027997265,3.9889840465642745,0.0,3.9318256327243257,6.429719478039138,0.035541195476575124,0.2197092084006462,0.050080775444264945,0.08562197092084006,0.08077544426494346
UTTAR PRADESH,LALITPUR,3.258096538021482,3.332204510175204,2.5649493574615367,3.6635616461296463,0.0,2.995732273553991,5.288267030694535,0.12690355329949238,0.13705583756345177,0.06091370558375635,0.19289340101522842,0.09644670050761421
UTTAR PRADESH,LUCKNOW,4.23410650459726,5.916202062607435,3.970291913552122,5.973809611869261,0.0,6.988413181999592,7.840312983320164,0.026771653543307086,0.14566929133858267,0.02047244094488189,0.15433070866141732,0.4263779527559055
UTTAR PRADESH,MAHARAJGANJ,3.4965075614664802,4.61512051684126,3.295836866004329,3.4011973816621555,0.0,4.23410650459726,5.768320995793772,0.10031347962382445,0.31347962382445144,0.08150470219435736,0.09090909090909091,0.21316614420062696
UTTAR PRADESH,MAHOBA,3.1354942159291497,3.970291913552122,2.70805020110221,4.143134726391533,0.6931471805599453,3.1354942159291497,5.407171771460119,0.0990990990990991,0.23423423423423423,0.06306306306306306,0.27927927927927926,0.0990990990990991
UTTAR PRADESH,MAINPURI,3.1780538303479458,4.852030263919617,3.6375861597263857,4.248495242049359,0.0,4.31748811353631,6.028278520230698,0.05555555555555555,0.30676328502415456,0.0893719806763285,0.16666666666666666,0.178743961352657
UTTAR PRADESH,MATHURA,4.30406509320417,5.0689042022202315,3.8918202981106265,4.74493212836325,0.0,5.5909869805108565,6.76849321164863,0.08400460299194476,0.18181818181818182,0.05523590333716916,0.13118527042577677,0.30724971231300346
UTTAR PRADESH,MAU,3.258096538021482,4.442651256490317,2.833213344056216,3.9512437185814275,0.6931471805599453,4.406719247264253,6.115892125483034,0.05530973451327434,0.18584070796460178,0.035398230088495575,0.11283185840707964,0.17920353982300885
UTTAR PRADESH,MEERUT,4.543294782270004,5.683579767338681,3.9889840465642745,6.023447592961033,0.0,6.255750041753367,7.457609289715606,0.05369515011547344,0.16916859122401848,0.030600461893764433,0.23787528868360278,0.3002309468822171
UTTAR PRADESH,MIRZAPUR,2.995732273553991,2.5649493574615367,3.295836866004329,2.3978952727983707,0.0,3.367295829986474,5.049856007249537,0.12258064516129032,0.07741935483870968,0.16774193548387098,0.06451612903225806,0.18064516129032257
UTTAR PRADESH,MORADABAD,4.499809670330265,5.117993812416755,3.6109179126442243,5.247024072160486,0.6931471805599453,6.0014148779611505,7.189922170745808,0.06716981132075471,0.12528301886792453,0.027169811320754716,0.14264150943396225,0.3041509433962264
UTTAR PRADESH,MUZAFFARNAGAR,3.6375861597263857,5.272999558563747,2.8903717578961645,5.003946305945459,0.0,5.1298987149230735,6.752270376141742,0.04327485380116959,0.22690058479532163,0.019883040935672516,0.17309941520467836,0.19649122807017544
UTTAR PRADESH,PILIBHIT,4.248495242049359,4.804021044733257,3.258096538021482,4.68213122712422,0.0,5.19295685089021,6.799055862058796,0.07700892857142858,0.13504464285714285,0.027901785714285716,0.11941964285714286,0.19977678571428573
UTTAR PRADESH,PRATAPGARH,4.23410650459726,5.153291594497779,3.091042453358316,5.111987788356544,0.0,5.220355825078324,6.839476438228843,0.07288317256162916,0.18435155412647375,0.022508038585209004,0.17684887459807075,0.19721329046087888
UTTAR PRADESH,RAIBAREILLY,3.8918202981106265,4.718498871295094,3.332204510175204,4.248495242049359,0.0,3.6635616461296463,6.2166061010848646,0.096,0.222,0.054,0.138,0.076
UTTAR PRADESH,RAMPUR,3.5553480614894135,4.553876891600541,2.9444389791664403,4.007333185232471,0.0,4.804021044733257,6.082218910376446,0.07780320366132723,0.2151029748283753,0.041189931350114416,0.12356979405034325,0.2768878718535469
UTTAR PRADESH,SAHARANPUR,4.30406509320417,5.3981627015177525,3.367295829986474,5.123963979403259,0.0,5.272999558563747,6.853299093186078,0.07716701902748414,0.23255813953488372,0.02959830866807611,0.17653276955602537,0.20507399577167018
UTTAR PRADESH,SAMBHAL,3.8918202981106265,4.8283137373023015,3.295836866004329,4.290459441148391,0.0,4.672828834461906,6.016157159698354,0.11735941320293398,0.30317848410757947,0.06356968215158924,0.17603911980440098,0.2591687041564792
UTTAR PRADESH,SANT KABIRNAGAR,3.1780538303479458,3.6888794541139363,2.4849066497880004,3.258096538021482,0.0,0.0,5.4510384535657,0.09913793103448276,0.16810344827586207,0.04741379310344827,0.10775862068965517,0.0
UTTAR PRADESH,SHAHJAHANPUR,4.430816798843313,5.267858159063328,4.127134385045092,5.204006687076795,0.6931471805599453,4.852030263919617,6.717804695023691,0.10048426150121065,0.23365617433414043,0.07384987893462469,0.21912832929782083,0.15375302663438256
UTTAR PRADESH,SHAMLI,3.4965075614664802,4.3694478524670215,2.9444389791664403,4.07753744390572,0.0,4.477336814478207,5.713732805509369,0.10596026490066225,0.2582781456953642,0.059602649006622516,0.19205298013245034,0.28807947019867547
UTTAR PRADESH,SHRAWASTI,1.791759469228055,3.58351893845611,2.302585092994046,3.4657359027997265,0.0,0.0,4.672828834461906,0.04716981132075472,0.330188679245283,0.08490566037735849,0.29245283018867924,0.0
UTTAR PRADESH,SIDHARTHNAGAR,3.044522437723423,4.060443010546419,3.044522437723423,3.332204510175204,0.0,3.8501476017100584,5.552959584921617,0.07782101167315175,0.22178988326848248,0.07782101167315175,0.10505836575875487,0.17898832684824903
UTTAR PRADESH,SITAPUR,4.31748811353631,5.3706380281276624,3.8501476017100584,5.099866427824199,0.0,5.198497031265826,6.828712071641684,0.08017334777898158,0.23185265438786565,0.04983748645720477,0.17659804983748645,0.19501625135427952
UTTAR PRADESH,SONBHADRA,3.295836866004329,3.044522437723423,1.9459101490553132,3.2188758248682006,0.0,2.6390573296152584,5.278114659230517,0.13333333333333333,0.10256410256410256,0.03076923076923077,0.12307692307692308,0.06666666666666667
UTTAR PRADESH,ST.RAVIDASNAGAR,2.995732273553991,3.5263605246161616,3.1780538303479458,2.5649493574615367,0.0,3.7376696182833684,5.3981627015177525,0.08636363636363636,0.15,0.10454545454545454,0.05454545454545454,0.18636363636363637
UTTAR PRADESH,SULTANPUR,3.8501476017100584,4.955827057601261,3.091042453358316,4.219507705176107,0.0,4.23410650459726,6.173786103901937,0.09603340292275574,0.29436325678496866,0.04384133611691023,0.13987473903966596,0.1419624217118998
UTTAR PRADESH,UNNAO,4.248495242049359,5.4638318050256105,3.4657359027997265,5.472270673671475,0.0,5.389071729816501,6.960347729101308,0.06552706552706553,0.22317188983855651,0.029439696106362774,0.22507122507122507,0.2070275403608737
UTTAR PRADESH,VARANASI,3.871201010907891,4.976733742420574,3.7612001156935624,5.176149732573829,1.3862943611198906,5.62040086571715,6.792344427470809,0.052808988764044947,0.16179775280898875,0.04719101123595506,0.19775280898876405,0.3089887640449438
UTTARAKHAND,ALMORA,1.9459101490553132,3.1354942159291497,0.6931471805599453,1.6094379124341003,0.6931471805599453,1.791759469228055,3.8066624897703196,0.13636363636363635,0.5,0.022727272727272728,0.09090909090909091,0.11363636363636363
UTTARAKHAND,BAGESHWAR,1.3862943611198906,0.0,0.0,1.6094379124341003,0.0,1.0986122886681098,2.5649493574615367,0.25,0.0,0.0,0.3333333333333333,0.16666666666666666
UTTARAKHAND,CHAMOLI,1.6094379124341003,2.0794415416798357,0.6931471805599453,2.302585092994046,0.0,1.3862943611198906,3.295836866004329,0.15384615384615385,0.2692307692307692,0.038461538461538464,0.34615384615384615,0.11538461538461539
UTTARAKHAND,CHAMPAWAT,2.1972245773362196,0.0,0.0,1.791759469228055,0.0,2.0794415416798357,3.091042453358316,0.38095238095238093,0.0,0.0,0.23809523809523808,0.3333333333333333
UTTARAKHAND,DEHRADUN,4.02535169073515,2.5649493574615367,2.3978952727983707,4.394449154672439,0.6931471805599453,5.0106352940962555,5.886104031450156,0.1532033426183844,0.033426183844011144,0.027855153203342618,0.22284122562674094,0.415041782729805
UTTARAKHAND,HARIDWAR,4.30406509320417,4.0943445622221,0.0,4.605170185988092,0.0,0.0,6.003887067106539,0.1806930693069307,0.14603960396039603,0.0,0.24504950495049505,0.0
UTTARAKHAND,NAINITAL,3.6109179126442243,4.007333185232471,1.791759469228055,3.6635616461296463,0.0,3.4657359027997265,5.313205979041787,0.1782178217821782,0.26732673267326734,0.024752475247524754,0.18811881188118812,0.15346534653465346
UTTARAKHAND,PAURI GARHWAL,2.1972245773362196,3.4339872044851463,2.0794415416798357,2.5649493574615367,0.6931471805599453,2.302585092994046,4.406719247264253,0.09876543209876543,0.37037037037037035,0.08641975308641975,0.14814814814814814,0.1111111111111111
UTTARAKHAND,PITHORAGARH,2.1972245773362196,0.6931471805599453,1.3862943611198906,2.302585092994046,0.0,2.0794415416798357,3.367295829986474,0.2857142857142857,0.03571428571428571,0.10714285714285714,0.32142857142857145,0.25
UTTARAKHAND,RUDRA PRAYAG,1.6094379124341003,2.0794415416798357,0.6931471805599453,2.302585092994046,0.0,1.0986122886681098,3.1780538303479458,0.17391304347826086,0.30434782608695654,0.043478260869565216,0.391304347826087,0.08695652173913043
UTTARAKHAND,TEHRI GARHWAL,2.0794415416798357,2.6390573296152584,0.0,0.0,0.0,2.0794415416798357,3.332204510175204,0.25925925925925924,0.48148148148148145,0.0,0.0,0.25925925925925924
UTTARAKHAND,UDHAMSINGH NAGAR,3.912023005428146,4.189654742026425,2.3978952727983707,4.219507705176107,0.0,4.276666119016055,6.09807428216624,0.11036036036036036,0.1463963963963964,0.02252252252252252,0.15090090090090091,0.15990990990990991
UTTARAKHAND,UTTARKASHI,2.302585092994046,1.791759469228055,0.0,2.0794415416798357,0.6931471805599453,2.1972245773362196,3.4339872044851463,0.3,0.16666666666666666,0.0,0.23333333333333334,0.26666666666666666
WEST BENGAL,NORTH 24 PARGANAS,5.429345628954441,6.418364935936212,4.204692619390966,5.768320995793772,3.9318256327243257,7.614805364711073,8.298041661371565,0.05653798256537983,0.15242839352428394,0.01643835616438356,0.07945205479452055,0.5048567870485678
WEST BENGAL,SOUTH 24 PARGANAS,5.834810737062605,6.546785410760524,3.9889840465642745,5.749392985908253,2.70805020110221,8.173857454773621,8.651549243915316,0.0596362364463099,0.12172088142707241,0.009268975166142007,0.05473941937740469,0.6201469045120671
WEST BENGAL,ALIPURDUAR,4.77912349311153,4.8283137373023015,1.0986122886681098,4.430816798843313,1.9459101490553132,5.796057750765372,6.558197802812269,0.16761363636363635,0.17613636363636365,0.002840909090909091,0.11789772727272728,0.4659090909090909
WEST BENGAL,ASANSOL-DURGAPUR PC,4.07753744390572,4.653960350157523,3.367295829986474,5.081404364984463,0.6931471805599453,6.208590026096629,6.90975328164481,0.057942057942057944,0.1038961038961039,0.027972027972027972,0.15984015984015984,0.4955044955044955
WEST BENGAL,BANKURA,4.382026634673881,4.174387269895637,2.9444389791664403,4.804021044733257,0.0,5.75890177387728,6.594413459749778,0.10821917808219178,0.08767123287671233,0.024657534246575342,0.16575342465753426,0.4328767123287671
WEST BENGAL,BARRACKPUR PC,4.356708826689592,5.641907070938114,3.091042453358316,5.308267697401205,1.0986122886681098,7.095064377287131,7.587817219993427,0.039026862645717184,0.1424227065382666,0.010643689812468323,0.10187531677648251,0.6107450582868728
WEST BENGAL,BIDHANNAGAR PC,3.2188758248682006,4.543294782270004,1.9459101490553132,4.584967478670572,2.302585092994046,5.8998973535824915,6.413458957167357,0.03940886699507389,0.15270935960591134,0.009852216748768473,0.1592775041050903,0.5977011494252874
WEST BENGAL,BIRBHUM,4.418840607796598,4.584967478670572,2.1972245773362196,4.605170185988092,0.0,6.023447592961033,7.033506484287697,0.07237422771403354,0.08561341571050309,0.00706090026478376,0.08737864077669903,0.36363636363636365
WEST BENGAL,BURDWAN,4.804021044733257,5.3230099791384085,2.5649493574615367,5.6131281063880705,0.0,6.569481420414296,7.498869733976931,0.06703601108033241,0.11301939058171745,0.006648199445983379,0.15124653739612187,0.39445983379501387
WEST BENGAL,COOCHBEHAR,4.955827057601261,5.855071922202427,3.091042453358316,5.0238805208462765,1.3862943611198906,6.548219102762372,7.367077059881012,0.08912768647281921,0.21997471554993678,0.01327433628318584,0.09544879898862199,0.44058154235145386
WEST BENGAL,DAKSHIN DINAJPUR,4.174387269895637,5.081404364984463,2.6390573296152584,3.9512437185814275,1.791759469228055,5.877735781779639,6.648984550024776,0.08300907911802853,0.20752269779507135,0.016861219195849545,0.06614785992217899,0.46173800259403375
WEST BENGAL,DARJEELING,4.110873864173311,4.189654742026425,0.0,4.564348191467836,1.3862943611198906,5.37989735354046,6.508769136971682,0.08955223880597014,0.09701492537313433,0.0,0.1417910447761194,0.32238805970149254
WEST BENGAL,HOOGHLY,4.709530201312334,5.631211781821365,3.5553480614894135,5.424950017481403,1.9459101490553132,7.204892510204673,7.664346632098617,0.051643192488262914,0.13051643192488263,0.01596244131455399,0.10610328638497653,0.6314553990610329
WEST BENGAL,HOWRAH G. R. P.,4.356708826689592,4.997212273764115,1.791759469228055,5.204006687076795,1.3862943611198906,6.680854678790215,7.252053951852814,0.05460992907801419,0.10425531914893617,0.0035460992907801418,0.12836879432624113,0.5645390070921986
WEST BENGAL,HOWRAH PC,3.784189633918261,4.875197323201151,1.6094379124341003,5.765191102784844,3.295836866004329,6.324358962381311,7.122866658599083,0.03470540758676352,0.10492332526230831,0.003228410008071025,0.2566585956416465,0.4495560936238902
WEST BENGAL,HOWRAH RURAL,1.3862943611198906,1.0986122886681098,0.6931471805599453,2.6390573296152584,0.0,0.0,2.995732273553991,0.15789473684210525,0.10526315789473684,0.05263157894736842,0.6842105263157895,0.0
WEST BENGAL,JALPAIGURI,4.867534450455582,5.278114659230517,2.833213344056216,5.298317366548036,0.6931471805599453,6.251903883165888,7.061334366910438,0.11072961373390558,0.16738197424892703,0.013733905579399141,0.17081545064377682,0.4446351931330472
WEST BENGAL,JHARGRAM POLICE DISTRICT,3.4011973816621555,3.044522437723423,1.3862943611198906,4.2626798770413155,0.6931471805599453,4.574710978503383,5.488937726156687,0.12033195020746888,0.08298755186721991,0.012448132780082987,0.29045643153526973,0.3983402489626556
WEST BENGAL,KHARAGPUR G. R. P.,0.0,1.0986122886681098,0.0,1.9459101490553132,0.0,0.0,2.302585092994046,0.0,0.2222222222222222,0.0,0.6666666666666666,0.0
WEST BENGAL,KOLKATA,5.043425116919247,5.572154032177765,2.5649493574615367,6.373319789577012,5.666426688112432,7.053585727193677,7.878534196140362,0.058355437665782495,0.09928003031451307,0.004547176960970065,0.22167487684729065,0.43804471390678285
WEST BENGAL,MALDA,5.53338948872752,5.4116460518550396,3.4657359027997265,5.805134968916488,3.4011973816621555,6.680854678790215,7.717351272185329,0.11219946571682991,0.09928762243989314,0.013802315227070348,0.14737310774710596,0.3544078361531612
WEST BENGAL,MURSHIDABAD,6.163314804034641,6.19644412779452,3.6109179126442243,6.267200548541362,2.833213344056216,7.803435056952168,8.683385366280309,0.0802981534812807,0.08300863967474166,0.006098593935287142,0.0891072336100288,0.41470438759952566
WEST BENGAL,NADIA,5.3230099791384085,6.045005314036012,3.9318256327243257,5.262690188904886,2.1972245773362196,7.524021415206125,8.196436811235028,0.05624483043837883,0.11607389026743865,0.013785497656465398,0.05293631100082713,0.5103391232423491
WEST BENGAL,PASCHIM MEDINIPUR,4.5217885770490405,5.111987788356544,3.091042453358316,6.326149473155099,3.5553480614894135,6.771935555839602,7.581719640125308,0.046404895461499236,0.08414074451810301,0.010708822029576747,0.28454869964303925,0.44467108618052015
WEST BENGAL,PURAB MEDINIPUR,4.727387818712341,5.627621113690637,3.332204510175204,5.075173815233827,1.9459101490553132,6.891625897052253,7.45298232946546,0.06496519721577726,0.16067285382830626,0.015661252900232018,0.09222737819025523,0.570185614849188
WEST BENGAL,PURULIA,4.290459441148391,3.828641396489095,1.6094379124341003,4.962844630259907,0.6931471805599453,5.241747015059643,6.320768294250582,0.12972972972972974,0.08108108108108109,0.007207207207207207,0.25585585585585585,0.3387387387387387
WEST BENGAL,SEALDAH G. R. P.,2.0794415416798357,2.4849066497880004,0.6931471805599453,3.8501476017100584,1.6094379124341003,0.6931471805599453,4.499809670330265,0.07865168539325842,0.12359550561797752,0.011235955056179775,0.5168539325842697,0.011235955056179775
WEST BENGAL,SILIGURI G. R. P.,0.6931471805599453,1.6094379124341003,0.0,2.302585092994046,0.0,0.0,2.772588722239781,0.06666666666666667,0.26666666666666666,0.0,0.6,0.0
WEST BENGAL,SILIGURI PC,4.290459441148391,4.330733340286331,1.0986122886681098,5.111987788356544,2.8903717578961645,6.222576268071369,6.86484777797086,0.07523510971786834,0.07836990595611286,0.0020898641588296763,0.1724137931034483,0.5256008359456635
WEST BENGAL,UTTAR DINAJPUR,5.236441962829949,5.736572297479192,2.302585092994046,5.062595033026967,2.6390573296152584,6.659293919683638,7.470224135899966,0.10661345496009123,0.17616875712656785,0.005131128848346636,0.0895096921322691,0.44412770809578106
A&N ISLANDS,SOUTH ANDAMAN,2.995732273553991,2.302585092994046,1.3862943611198906,3.332204510175204,1.6094379124341003,2.3978952727983707,4.543294782270004,0.20430107526881722,0.0967741935483871,0.03225806451612903,0.2903225806451613,0.10752688172043011
A&N ISLANDS,NORTH & MIDDLE ANDAMAN,2.4849066497880004,2.1972245773362196,0.0,2.70805020110221,0.6931471805599453,1.6094379124341003,3.828641396489095,0.24444444444444444,0.17777777777777778,0.0,0.3111111111111111,0.08888888888888889
A&N ISLANDS,NICOBAR,1.0986122886681098,0.0,0.0,0.0,0.0,0.0,1.0986122886681098,1.0,0.0,0.0,0.0,0.0
CHANDIGARH,CHANDIGARH,4.0943445622221,4.897839799950911,1.0986122886681098,4.477336814478207,1.0986122886681098,4.955827057601261,6.327936783729195,0.10554561717352415,0.23792486583184258,0.0035778175313059034,0.1556350626118068,0.2522361359570662
D&N HAVELI,D&N HAVELI,1.791759469228055,2.0794415416798357,0.0,1.0986122886681098,0.6931471805599453,1.9459101490553132,3.258096538021482,0.2,0.28,0.0,0.08,0.24
DAMAN & DIU,DAMAN,1.0986122886681098,0.6931471805599453,0.0,1.0986122886681098,0.0,0.6931471805599453,2.833213344056216,0.125,0.0625,0.0,0.125,0.0625
DAMAN & DIU,DIU,0.0,0.0,0.0,0.6931471805599453,0.0,0.0,1.0986122886681098,0.0,0.0,0.0,0.5,0.0
DELHI UT,CENTRAL,4.5217885770490405,5.135798437050262,2.0794415416798357,5.3612921657094255,3.6375861597263857,4.605170185988092,6.727431724850855,0.1091127098321343,0.2026378896882494,0.008393285371702638,0.2541966426858513,0.11870503597122302
DELHI UT,CRIME BRANCH,0.6931471805599453,0.6931471805599453,0.0,0.6931471805599453,0.0,0.0,2.5649493574615367,0.08333333333333333,0.08333333333333333,0.0,0.08333333333333333,0.0
DELHI UT,EAST,5.442417710521793,5.849324779946859,2.772588722239781,6.102558594613569,4.74493212836325,6.169610732491456,7.891330757661889,0.08604564160119715,0.12944257388701833,0.005611672278338945,0.16685372240927795,0.17845117845117844
DELHI UT,EOW,0.0,0.0,0.0,1.0986122886681098,0.0,0.0,3.1354942159291497,0.0,0.0,0.0,0.09090909090909091,0.0
DELHI UT,IGI AIRPORT,0.0,0.0,0.0,2.5649493574615367,1.6094379124341003,0.0,2.833213344056216,0.0,0.0,0.0,0.75,0.0
DELHI UT,METRO,0.6931471805599453,1.0986122886681098,0.0,3.367295829986474,1.3862943611198906,0.0,5.616771097666572,0.0036496350364963502,0.0072992700729927005,0.0,0.10218978102189781,0.0
DELHI UT,NEW DELHI,3.044522437723423,3.258096538021482,1.0986122886681098,4.04305126783455,2.9444389791664403,2.772588722239781,5.438079308923196,0.08733624454148471,0.1091703056768559,0.008733624454148471,0.2445414847161572,0.06550218340611354
DELHI UT,NORTH,4.110873864173311,5.0106352940962555,1.9459101490553132,5.198497031265826,2.9444389791664403,4.770684624465665,6.823286122355687,0.06535947712418301,0.16230936819172112,0.006535947712418301,0.19607843137254902,0.12745098039215685
DELHI UT,NORTH-EAST,5.472270673671475,6.361302477572996,3.332204510175204,6.20050917404269,3.9318256327243257,5.857933154483459,7.85979918056211,0.09150579150579151,0.22316602316602316,0.010424710424710425,0.18996138996138995,0.13474903474903474
DELHI UT,NORTH-WEST,5.111987788356544,5.872117789475416,2.70805020110221,6.003887067106539,3.9512437185814275,5.5093883366279774,7.403670290012373,0.10054844606946983,0.21572212065813529,0.008531383302864107,0.24619134673979282,0.14990859232175502
DELHI UT,OUTER,5.560681631015528,6.535241271013659,3.1354942159291497,6.061456918928017,4.990432586778736,6.257667587882639,8.102889134640868,0.0784135634271874,0.20829548894943992,0.006660611565243718,0.12957917045110506,0.15773539206781714
DELHI UT,RAILWAY,0.6931471805599453,2.1972245773362196,0.0,2.995732273553991,0.6931471805599453,0.0,3.871201010907891,0.02127659574468085,0.1702127659574468,0.0,0.40425531914893614,0.0
DELHI UT,SOUTH,5.638354669333745,5.91350300563827,1.9459101490553132,6.39024066706535,6.501289670540389,4.969813299576001,7.81156848934518,0.11345218800648298,0.14951377633711507,0.0024311183144246355,0.24108589951377635,0.057941653160453806
DELHI UT,SOUTH-EAST,5.58724865840025,5.998936561946683,3.2188758248682006,6.152732694704104,4.820281565605037,5.746203190540153,7.585281078639126,0.13516260162601626,0.20426829268292682,0.012195121951219513,0.2383130081300813,0.15853658536585366
DELHI UT,SOUTH-WEST,5.459585514144159,5.986452005284438,2.8903717578961645,6.20455776256869,4.23410650459726,5.765191102784844,7.7039102096163115,0.1055956678700361,0.17915162454873645,0.007671480144404332,0.22292418772563177,0.14350180505415164
DELHI UT,SPL CELL,0.0,0.0,0.0,0.0,0.0,0.0,0.0,0.0,0.0,0.0,0.0,0.0
DELHI UT,SPUWAC,0.0,0.0,0.0,0.0,0.0,5.081404364984463,5.087596335232384,0.0,0.0,0.0,0.0,0.9937888198757764
DELHI UT,VIGILANCE,0.0,0.0,0.0,0.0,0.0,0.0,0.0,0.0,0.0,0.0,0.0,0.0
DELHI UT,WEST,5.529429087511423,6.304448802421981,2.6390573296152584,6.184148890937483,4.1588830833596715,6.0330862217988015,7.96693349840484,0.08706208810267083,0.18938605619146723,0.004509191814082553,0.1678806798473812,0.1442941380506417
LAKSHADWEEP,LAKSHADWEEP,0.6931471805599453,0.0,0.0,0.6931471805599453,1.0986122886681098,0.0,1.6094379124341003,0.25,0.0,0.0,0.25,0.0
PUDUCHERRY,KARAIKAL,1.3862943611198906,0.6931471805599453,0.0,2.5649493574615367,0.6931471805599453,0.6931471805599453,3.091042453358316,0.14285714285714285,0.047619047619047616,0.0,0.5714285714285714,0.047619047619047616
PUDUCHERRY,PUDUCHERRY,2.0794415416798357,1.9459101490553132,0.6931471805599453,3.044522437723423,2.0794415416798357,1.3862943611198906,4.430816798843313,0.08433734939759036,0.07228915662650602,0.012048192771084338,0.24096385542168675,0.03614457831325301
